,created_at,tweet_id,text,user_id,user_name
0,Fri Jun 07 14:21:00 +0000 2019,1137001517104422914,".@AndyKerrtv is joined by former #Matildas striker @Mheyman23 ahead of the Women's @FIFAWorldCup ğŸ‘‡

#beINWWCâ€¦ https://t.co/VVLZ3hUipc",576249121,beIN SPORTS
1,Fri Jun 07 14:20:49 +0000 2019,1137001467821350912,"Quand tu reÃ§ois un SMS ce matin te disant que suite Ã  des modifications de placement dans le stade, il vaut mieux vâ€¦ https://t.co/FgRNly5jta",2854595981,Laetitia BÃ©raud
2,Fri Jun 07 14:20:14 +0000 2019,1137001324854296576,"RT @ritaguari: Al via la #wwc2019 e domenica  l'esordio per le nostre #azzurre ğŸ‡®ğŸ‡¹ğŸ’™ Un sogno, un'opportunitÃ , un altro passo in avanti per iâ€¦",880920558,Esedra
3,Fri Jun 07 14:19:54 +0000 2019,1137001239009357824,"The #FifaWWC kicks off today in #Paris, #France &amp; in celebration I'm sharing this #photo, recently sold on @picfairâ€¦ https://t.co/ZsnpM2SGkK",19654089,Keph Senett
4,Fri Jun 07 14:19:53 +0000 2019,1137001235360440320,"RT @LaLigaEN: ğŸ¤© The @FIFAWWC starts TODAY! ğŸ¤©

Will @NGSuper_Falcons star @AsisatOshoala be amongst the top scorers? ğŸ‡³ğŸ‡¬

#LigaIberdrola #WWCâ€¦",881833633505521664,AsuzÃº
5,Fri Jun 07 14:19:32 +0000 2019,1137001147334631429,"RT @jaywriddle: My 2019 Women World Cup predictions. Chaos reigns supreme!#WWC2019 

https://t.co/WBptbRVyTV https://t.co/dRxLIE3E3r",988241355729260545,UNRELEGATED
6,Fri Jun 07 14:19:19 +0000 2019,1137001091093192704,"My 2019 Women World Cup predictions. Chaos reigns supreme!#WWC2019 

https://t.co/WBptbRVyTV https://t.co/dRxLIE3E3r",1132194041473523712,Artist formerly known as @jay_riddle
7,Fri Jun 07 14:18:58 +0000 2019,1137001004476620801,"RT @LaLigaEN: ğŸ¤© The @FIFAWWC starts TODAY! ğŸ¤©

Will @NGSuper_Falcons star @AsisatOshoala be amongst the top scorers? ğŸ‡³ğŸ‡¬

#LigaIberdrola #WWCâ€¦",375189711,El magnifico
8,Fri Jun 07 14:18:52 +0000 2019,1137000977444278278,"RT @NatHunter_BBC: The #wwc2019 Women's World Cup starts tonight. To mark the occasion, we'll start constantly asking Scottish politiciansâ€¦",2360021642,Don Forth
9,Fri Jun 07 14:18:34 +0000 2019,1137000904631173122,RT @BucksNewUni: The Womenâ€™s World Cup starts today! Our talented graduate @JamesPLCross is behind the @BBCSport promotional video featurinâ€¦,17267145,David Rickard
10,Fri Jun 07 14:25:43 +0000 2019,1137002701554835461,"RT @KickaroundMag: Today is the day! The #WWC2019 kicks off in Paris tonight â€“ are your children's wallcharts in place?

If you don't haveâ€¦",90131813,+ + + yugo
11,Fri Jun 07 14:25:35 +0000 2019,1137002668856086528,"#wwc2019 fÃ¼r mich erst ab morgen.

Heute: @ballverliebteu-Leser-Treffen mit gemeinsamem #AutSlo schauen.

Wird cool :-)",21023368,Philipp Eitzinger
12,Fri Jun 07 14:24:56 +0000 2019,1137002507618717696,Womenâ€™s World Cup starts TODAYğŸ˜ #WWC2019,1155215527,Sahib Sooch
13,Fri Jun 07 14:24:21 +0000 2019,1137002357026414592,"Oggi cominciano i Mondiali femminili di #Francia2019 ğŸ‡«ğŸ‡·.

Saranno 7 le Rossonere impegnate:

Laura #Fusetti ğŸ‡®ğŸ‡¹
Lindâ€¦ https://t.co/WKZl4EP41G",874259835545669633,Calciomercato Milan
14,Fri Jun 07 14:24:03 +0000 2019,1137002283802222593,"The #WWC2019 ğŸ† gets underway tonight

Match Betting
France Women 1/8
Draw 6/1
South Korea Women 14/1

Match Handicaâ€¦ https://t.co/XeGX4QpF40",191777364,CorbettSports
15,Fri Jun 07 14:23:25 +0000 2019,1137002124695523328,RT @Rawh_Abdullah: Very honored to be part of #FIFAWFC2019 convention and So excited to attend my first Game ever of womenâ€™s world cup ğŸŸ ğŸ†Sâ€¦,1047548592960012288,Ù†ÙˆØ±Ø§ Ø§Ù„Ø¨Ø±Ø§Ù‡ÙŠÙ…ğŸ‡¸ğŸ‡¦50
16,Fri Jun 07 14:23:16 +0000 2019,1137002084245692416,"RT @TheBarnBurns: Right Now On Fired Up A  ""#WomensWorldCup2019"" Preview from our Friends at @osgsports
&amp; @SoccerDownHere #WorldCup2019
#Frâ€¦",779000311788646400,Blood & Black Rum
17,Fri Jun 07 14:23:13 +0000 2019,1137002072673439744,RT @MimiRangel_: HAPPY FIRST DAY OF THE WOMENS WORLD CUP!!!!! LET THE FUN/MADNESS BEGIN!!!! #USA #WWC2019,165635797,slick rick
18,Fri Jun 07 14:22:47 +0000 2019,1137001966523994112,#FRAKOR #FRA #KOR #FIFAWWC #DareToShine #FIFAWWC2019 #FRAvKOR  #FIFAWWCGroupA #GroupA #WWC #FIFAWomensWorldCupâ€¦ https://t.co/2CV1sCxE4i,267613004,Jonny L
19,Fri Jun 07 14:22:05 +0000 2019,1137001789415403522,"RT @TheBarnBurns: Right Now On Fired Up A  ""#WomensWorldCup2019"" Preview from our Friends at @osgsports
&amp; @SoccerDownHere #WorldCup2019
#Frâ€¦",799707487888809984,Soccer Down Here
20,Fri Jun 07 14:22:02 +0000 2019,1137001776475975680,"B L E U E S ğŸ‘ Rencontre avec les joueuses @kady944 et @SakinaKarchaoui,  ""soudÃ©es et dÃ©terminÃ©es"", Ã  quelques heureâ€¦ https://t.co/ldMKKXuEtx",132663691,Elodie Bousquet
21,Fri Jun 07 14:21:59 +0000 2019,1137001762454409216,Hasta que pase el dÃ­a de #SanFermin espero no desconectar de @Gol con @SeFutbolFem #WWC2019 https://t.co/xrdNrCS9bN vÃ­a @AS_Futbol,163111744,Alfonso GÃ³mez-Lobo
22,Fri Jun 07 14:21:48 +0000 2019,1137001715427872768,"RT @TheBarnBurns: Right Now On Fired Up A  ""#WomensWorldCup2019"" Preview from our Friends at @osgsports
&amp; @SoccerDownHere #WorldCup2019
#Frâ€¦",290641102,BarnBurner
23,Fri Jun 07 14:21:45 +0000 2019,1137001704262643713,"RT @farenet: ğŸ‡«ğŸ‡·âš½ï¸ The Women's World Cup kicks off today! Our Diversity House LeFoot #Paris is open from 7th - 17th June with daily events,â€¦",50289348,Field
24,Fri Jun 07 14:28:32 +0000 2019,1137003410119675904,"RT @TheBarnBurns: Right Now On Fired Up A  ""#WomensWorldCup2019"" Preview from our Friends at @osgsports
&amp; @SoccerDownHere #WorldCup2019
#Frâ€¦",922837458395340800,BarnBurnerToronto
25,Fri Jun 07 14:28:21 +0000 2019,1137003365802680321,"Due to technical difficulties we were unable to LIVE tweet, here are the results from the draw! 

#WWC2019â€¦ https://t.co/IZTrZLiGHN",4528251273,WHS PE
26,Fri Jun 07 14:28:11 +0000 2019,1137003325369573377,"RT @TheBarnBurns: Right Now On Fired Up A  ""#WomensWorldCup2019"" Preview from our Friends at @osgsports
&amp; @SoccerDownHere #WorldCup2019
#Frâ€¦",4816259435,TSPN EXTRA
27,Fri Jun 07 14:28:01 +0000 2019,1137003280243015682,RT @BetStarsFR: Place aux femmes : @MathouxHerve propose un gros combinÃ© pour la Coupe du monde fÃ©minine ! De quoi lancer la compÃ©tition duâ€¦,404097912,HervÃ© MATHOUX
28,Fri Jun 07 14:27:44 +0000 2019,1137003209250213890,"RT @TheBarnBurns: Right Now On Fired Up A  ""#WomensWorldCup2019"" Preview from our Friends at @osgsports
&amp; @SoccerDownHere #WorldCup2019
#Frâ€¦",50146641,Joltin_Joe_P
29,Fri Jun 07 14:27:26 +0000 2019,1137003133366939648,"RT @NatHunter_BBC: The #wwc2019 Women's World Cup starts tonight. To mark the occasion, we'll start constantly asking Scottish politiciansâ€¦",3159317488,Andy M
30,Fri Jun 07 14:27:24 +0000 2019,1137003127373291521,2 days to go #WWC2019 https://t.co/zmd4XePoYr,2780538278,Keswick FC
31,Fri Jun 07 14:27:20 +0000 2019,1137003107978813441,Lol impossible de faire ma sieste tellement je suis Ã©lectrique! #jevaisaumatchdouverture #WWC2019 #WWC19â€¦ https://t.co/B08pto9DAe,346197403,Sexy Wink â˜…å½¡
32,Fri Jun 07 14:27:13 +0000 2019,1137003081378488320,"Womenâ€™s football has been growing so quickly over the last few years, and this World Cup is only going to further aâ€¦ https://t.co/icJV61qTp1",126431696,Willie Kirk
33,Fri Jun 07 14:27:03 +0000 2019,1137003039481565184,"RT @MenendezFaya: Rafa ha borrado el tweet. Hoy empieza el #WWC2019 y esto se llenarÃ¡ de Rafas diciendo que no interesa, que son malÃ­simasâ€¦",848199334076305408,aLbus
34,Fri Jun 07 14:26:20 +0000 2019,1137002859050831872,My picks #WWC2019 https://t.co/XsZUQ0qPqC,22104344,Allen Schmitz
35,Fri Jun 07 14:25:43 +0000 2019,1137002701554835461,"RT @KickaroundMag: Today is the day! The #WWC2019 kicks off in Paris tonight â€“ are your children's wallcharts in place?

If you don't haveâ€¦",90131813,+ + + yugo
36,Fri Jun 07 14:25:35 +0000 2019,1137002668856086528,"#wwc2019 fÃ¼r mich erst ab morgen.

Heute: @ballverliebteu-Leser-Treffen mit gemeinsamem #AutSlo schauen.

Wird cool :-)",21023368,Philipp Eitzinger
37,Fri Jun 07 14:24:56 +0000 2019,1137002507618717696,Womenâ€™s World Cup starts TODAYğŸ˜ #WWC2019,1155215527,Sahib Sooch
38,Fri Jun 07 14:24:21 +0000 2019,1137002357026414592,"Oggi cominciano i Mondiali femminili di #Francia2019 ğŸ‡«ğŸ‡·.

Saranno 7 le Rossonere impegnate:

Laura #Fusetti ğŸ‡®ğŸ‡¹
Lindâ€¦ https://t.co/WKZl4EP41G",874259835545669633,Calciomercato Milan
39,Fri Jun 07 14:34:30 +0000 2019,1137004913509187584,@AmandaBlev @YouTubeTV @Google @USWNT I purchased the guidebook and have fubo to record all of them! Looking forwarâ€¦ https://t.co/4zv76yKUNM,30920073,Amy Lewis
40,Fri Jun 07 14:34:26 +0000 2019,1137004897973559296,Seen as @BBCMOTD and other media have the likes of @AlexScott as a pundit for top men's games I think it is only faâ€¦ https://t.co/4LravJgdNm,718456229727772672,Mike Green
41,Fri Jun 07 14:33:57 +0000 2019,1137004774010888192,"The wait is almost over for #WWC2019, but what's it like to actually win it?

Here's @USWNT head-coach Jill Ellis,â€¦ https://t.co/xkQvydrBTg",218290716,Jack Murley
42,Fri Jun 07 14:33:17 +0000 2019,1137004606683328513,#FridayMotivation RT @DalvaVeronica: The @FIFAWWC is my #FridayMotivation! #WorldWomensCup #WWC #WWC2019 #WWC19â€¦ https://t.co/5jghA8THku,92677101,Jorge Luis Lopez Esq
43,Fri Jun 07 14:32:55 +0000 2019,1137004512978309120,"RT @beINSPORTS: .@AndyKerrtv is joined by former #Matildas striker @Mheyman23 ahead of the Women's @FIFAWorldCup ğŸ‘‡

#beINWWC #beINSPIRED #Wâ€¦",37173384,Andy Kerr
44,Fri Jun 07 14:32:40 +0000 2019,1137004451053678593,The @FIFAWWC is my #FridayMotivation! #WorldWomensCup #WWC #WWC2019 #WWC19 #FIFAWWC2019 #FIFAWWC19 #GuerreirasDoBrasil #VamosTorcerJuntas,2276573053,Dalva VerÃ´nica ğŸ‡§ğŸ‡·
45,Fri Jun 07 14:32:18 +0000 2019,1137004357898133505,RT @marieclaire_fr: L'Ã‰quipe de France fÃ©minine de football peut-elle marquer l'histoire du sport ? Rencontre avec les joueuses @kady944 etâ€¦,908341228701396992,Manon Duran
46,Fri Jun 07 14:32:15 +0000 2019,1137004345311076353,RT @MimiRangel_: HAPPY FIRST DAY OF THE WOMENS WORLD CUP!!!!! LET THE FUN/MADNESS BEGIN!!!! #USA #WWC2019,528424754,J.LEIVA
47,Fri Jun 07 14:31:52 +0000 2019,1137004250851028992,"RT @Marisun_10: Â¡LlegÃ³ el dÃ­a! #Francia2019 ğŸ‡«ğŸ‡·

âš½ï¸ğŸ†ğŸƒğŸ»â€â™€ï¸

""It's about what you dream, what you decide and what you dare""

#DareToShine
#WWCâ€¦",3012976801,Montse ğŸ€
48,Fri Jun 07 14:31:34 +0000 2019,1137004175273971712,"Q: How many jobs do you have in addition to playing soccer?
A: Aside from studying, two.

What a vox pop ahead ofâ€¦ https://t.co/24GSWA3PFB",51697615,Donna Bowater
49,Fri Jun 07 14:30:57 +0000 2019,1137004019757539328,"RT @WHS_PEDept: Due to technical difficulties we were unable to LIVE tweet, here are the results from the draw! 

#WWC2019 #WomenInFootballâ€¦",744890698529398784,Croydon Schools
50,Fri Jun 07 14:30:41 +0000 2019,1137003950639669249,Cinco jÃ³venes a las que no perder la pista en el Mundial Femenino #WWC2019 https://t.co/10WQ5qCMBO,26018802,Apuestas Deportivas
51,Fri Jun 07 14:30:17 +0000 2019,1137003850404175873,"@BBCSport @BBCOne ""Â£24m awarded to participating teams in 2019 albeit a long way short of the Â£315m prize pot at thâ€¦ https://t.co/X8JnFWshYJ",718456229727772672,Mike Green
52,Fri Jun 07 14:29:35 +0000 2019,1137003677812760576,"6/12: Germany v Spain (WWC), France v Norway (WWC), Seattle v Portland (MLS)

6/13: Brazil v Australia (WWC)

I'm gâ€¦ https://t.co/6ob6DsJETC",1301259708,Baby Jake
53,Fri Jun 07 14:28:53 +0000 2019,1137003500393492480,"RT @katetscott: After the first day of #WWC2019 action, join us here on Friday night to watch some of our future @USWNT stars battle for thâ€¦",39302176,Krista Blunk
54,Fri Jun 07 14:39:21 +0000 2019,1137006133959434240,"RT @ritaguari: Al via la #wwc2019 e domenica  l'esordio per le nostre #azzurre ğŸ‡®ğŸ‡¹ğŸ’™ Un sogno, un'opportunitÃ , un altro passo in avanti per iâ€¦",3023171895,Antonio Romano
55,Fri Jun 07 14:38:57 +0000 2019,1137006031249297408,Who else is excited for the Womenâ€™s World Cup to start? We certainly are!ğŸ™ŒğŸ»ğŸ‡ºğŸ‡¸ğŸ‡ºğŸ‡¸ #WWC2019 #USWNT https://t.co/bcBbgpR0ij,1103397800312737792,Star City Syndicate
56,Fri Jun 07 14:38:18 +0000 2019,1137005868736745472,Tis finally here ğŸ˜¬ #WWC2019 https://t.co/sUGndMAgdC,554688108,Nichole Singleton
57,Fri Jun 07 14:36:40 +0000 2019,1137005456663162880,"RT @TheBarnBurns: Right Now On Fired Up A  ""#WomensWorldCup2019"" Preview from our Friends at @osgsports
&amp; @SoccerDownHere #WorldCup2019
#Frâ€¦",1004818795368722432,EMZT Podcast and Productions
58,Fri Jun 07 14:36:22 +0000 2019,1137005383686459392,"RT @tjcope: âš½ Â¡EspaÃ±a debuta en el #WWC2019!

 ğŸ‡ªğŸ‡¸EspaÃ±a - SudÃ¡fricağŸ‡¿ğŸ‡¦

ğŸŸï¸Stade Oceane (Le Havre).

ğŸ—“ï¸SÃ¡bado 8
âŒš18.00

ğŸ™ï¸ @rubenmartinweb
ğŸ¤â€¦",1030813376388182018,LuÃ­s
59,Fri Jun 07 14:36:07 +0000 2019,1137005321962921986,With France opening #WWC2019 today that also makes it #ImissMandy day. Such a phenomenal player.,61599442,Todd Diskin
60,Fri Jun 07 14:35:15 +0000 2019,1137005101963448320,"All 9 year old Liz wanted for Christmas was a Mia Hamm jersey. My mom, had to buy a blank Menâ€™s National Team jerseâ€¦ https://t.co/pULX9z93bi",27815759,Liz Masucci
61,Fri Jun 07 14:35:06 +0000 2019,1137005064256704513,"RT @ritaguari: Al via la #wwc2019 e domenica  l'esordio per le nostre #azzurre ğŸ‡®ğŸ‡¹ğŸ’™ Un sogno, un'opportunitÃ , un altro passo in avanti per iâ€¦",876875610064289793,Laura
62,Fri Jun 07 14:34:52 +0000 2019,1137005003640594438,"Yâ€™all. The World Cup starts today!!! Iâ€™ll be ready to socialize again in one month, while hopefully celebrating anoâ€¦ https://t.co/wz2Hx2S9EB",75962389,Alex Lange
63,Fri Jun 07 14:34:50 +0000 2019,1137004996648718342,â³Unas horas antes la Copa Mundial Femenina de la Football. Celebramos el notable Ã©xito de las mujeres atletas. EstÃ¡â€¦ https://t.co/JmlusrhzZ2,952104950,Francia en Guatemala
64,Fri Jun 07 14:34:45 +0000 2019,1137004974074978305,"RT @KickaroundMag: Today is the day! The #WWC2019 kicks off in Paris tonight â€“ are your children's wallcharts in place?

If you don't haveâ€¦",3289120200,Herefordstu
65,Fri Jun 07 14:34:30 +0000 2019,1137004913509187584,@AmandaBlev @YouTubeTV @Google @USWNT I purchased the guidebook and have fubo to record all of them! Looking forwarâ€¦ https://t.co/4zv76yKUNM,30920073,Amy Lewis
66,Fri Jun 07 14:34:26 +0000 2019,1137004897973559296,Seen as @BBCMOTD and other media have the likes of @AlexScott as a pundit for top men's games I think it is only faâ€¦ https://t.co/4LravJgdNm,718456229727772672,Mike Green
67,Fri Jun 07 14:33:57 +0000 2019,1137004774010888192,"The wait is almost over for #WWC2019, but what's it like to actually win it?

Here's @USWNT head-coach Jill Ellis,â€¦ https://t.co/xkQvydrBTg",218290716,Jack Murley
68,Fri Jun 07 14:33:17 +0000 2019,1137004606683328513,#FridayMotivation RT @DalvaVeronica: The @FIFAWWC is my #FridayMotivation! #WorldWomensCup #WWC #WWC2019 #WWC19â€¦ https://t.co/5jghA8THku,92677101,Jorge Luis Lopez Esq
69,Fri Jun 07 14:46:59 +0000 2019,1137008055814692865,"RT @extra3: Heute beginnt die Frauen-WM. Wer keinen Bock hat auf Weichei-FuÃŸball voller Diven, kann also froh sein, dass Bundesliga und Chaâ€¦",1000424952267444236,KnuffigerCarsto (TL Scrub) ğŸ³â€ğŸŒˆ
70,Fri Jun 07 14:46:55 +0000 2019,1137008037133205505,#WWC2019 starts today. Come on Canada! Bring it home! #CANWNT https://t.co/JTtN3PxBtd,362727949,Cody Fullerton
71,Fri Jun 07 14:46:46 +0000 2019,1137008002278576128,"RT @mercatomilan17: Oggi cominciano i Mondiali femminili di #Francia2019 ğŸ‡«ğŸ‡·.

Saranno 7 le Rossonere impegnate:

Laura #Fusetti ğŸ‡®ğŸ‡¹
Linda #Tâ€¦",889160369868025856,Alessio Lombardi
72,Fri Jun 07 14:46:31 +0000 2019,1137007936343953408,TIL a coworker @jennifer_bisset is a former pro footballer! (Thatâ€™s soccer to the Yanks out there.) Check out her aâ€¦ https://t.co/ieXNewyLcN,6595682,Stephen Shankland
73,Fri Jun 07 14:45:52 +0000 2019,1137007774972256261,"This is almost taking me back to my university days, studying American history in class. When it is required by lawâ€¦ https://t.co/j56evGlVA9",67267427,Diana Yeow
74,Fri Jun 07 14:45:43 +0000 2019,1137007737043378176,"RT @extra3: Heute beginnt die Frauen-WM. Wer keinen Bock hat auf Weichei-FuÃŸball voller Diven, kann also froh sein, dass Bundesliga und Chaâ€¦",1072501414621077504,weltraumaffe
75,Fri Jun 07 14:45:33 +0000 2019,1137007694265704449,"The Womenâ€™s World Cup starts today so this account is now an official Alex Morgan, Megan Rapinoe, Tobin Heath, Mallâ€¦ https://t.co/NCjlMjGEXl",208739005,kino
76,Fri Jun 07 14:45:29 +0000 2019,1137007676876087296,"RT @extra3: Heute beginnt die Frauen-WM. Wer keinen Bock hat auf Weichei-FuÃŸball voller Diven, kann also froh sein, dass Bundesliga und Chaâ€¦",2898667199,MichlğŸ‡¨ğŸ‡°ğŸ‡¸ğŸ‡¨ğŸ‡§ğŸ‡¸
77,Fri Jun 07 14:45:29 +0000 2019,1137007675382927362,"RT @extra3: Heute beginnt die Frauen-WM. Wer keinen Bock hat auf Weichei-FuÃŸball voller Diven, kann also froh sein, dass Bundesliga und Chaâ€¦",994281163530424320,"Lou's EF Kuscheltier ğŸ¤—â™¥ï¸/* [CSD-Stuttgart,EWF19]âš¡"
78,Fri Jun 07 14:45:03 +0000 2019,1137007568814059520,is the wc match going to be on fox? #WWC2019,708475084,Sam
79,Fri Jun 07 14:45:00 +0000 2019,1137007554771349505,"La #WWC2019 dÃ©bute aujourd'hui avec #FRAKOR !
Pour l'occasion, je ressors des archives mon article dÃ©diÃ© Ã  cette coâ€¦ https://t.co/Wb6HSCBtsY",1001738990653931520,Foot d'infographies
80,Fri Jun 07 14:44:47 +0000 2019,1137007500337790977,"RT @extra3: Heute beginnt die Frauen-WM. Wer keinen Bock hat auf Weichei-FuÃŸball voller Diven, kann also froh sein, dass Bundesliga und Chaâ€¦",1124410642918719489,Cloudz64325
81,Fri Jun 07 14:44:22 +0000 2019,1137007397615087618,"Alors que ce #RG19 s'approche doucement de son terme, la Coupe du Monde FÃ©minine va commencer ce soir. ğŸ¾ âš½ğŸ†ğŸ‡«ğŸ‡·
L'encâ€¦ https://t.co/kAv3WDGMqm",2525435718,NikoO' â­6âƒ£ğŸ†
82,Fri Jun 07 14:44:10 +0000 2019,1137007345249148928,"World Cup begins today! ğŸ† 
4ï¸âƒ£ days until our first game ğŸ‡³ğŸ‡±
Can't wait! ğŸ”¶ï¸ğŸ¦

#oranjeleeuwinnen #onzejachtâ€¦ https://t.co/WUbaROteE7",108661043,Inessa Kaagman
83,Fri Jun 07 14:43:54 +0000 2019,1137007278874386433,"#WWC2019 kicks off today. As we will be in #Glasgow for #BAUS19 when it's on, we're rooting for @ScotlandNT #swnt Aâ€¦ https://t.co/XlJbXXCE9v",767631867424206848,SynergoÂ® Technology
84,Fri Jun 07 14:46:59 +0000 2019,1137008055814692865,"RT @extra3: Heute beginnt die Frauen-WM. Wer keinen Bock hat auf Weichei-FuÃŸball voller Diven, kann also froh sein, dass Bundesliga und Chaâ€¦",1000424952267444236,KnuffigerCarsto (TL Scrub) ğŸ³â€ğŸŒˆ
85,Fri Jun 07 14:46:55 +0000 2019,1137008037133205505,#WWC2019 starts today. Come on Canada! Bring it home! #CANWNT https://t.co/JTtN3PxBtd,362727949,Cody Fullerton
86,Fri Jun 07 14:46:46 +0000 2019,1137008002278576128,"RT @mercatomilan17: Oggi cominciano i Mondiali femminili di #Francia2019 ğŸ‡«ğŸ‡·.

Saranno 7 le Rossonere impegnate:

Laura #Fusetti ğŸ‡®ğŸ‡¹
Linda #Tâ€¦",889160369868025856,Alessio Lombardi
87,Fri Jun 07 14:46:31 +0000 2019,1137007936343953408,TIL a coworker @jennifer_bisset is a former pro footballer! (Thatâ€™s soccer to the Yanks out there.) Check out her aâ€¦ https://t.co/ieXNewyLcN,6595682,Stephen Shankland
88,Fri Jun 07 14:45:52 +0000 2019,1137007774972256261,"This is almost taking me back to my university days, studying American history in class. When it is required by lawâ€¦ https://t.co/j56evGlVA9",67267427,Diana Yeow
89,Fri Jun 07 14:45:43 +0000 2019,1137007737043378176,"RT @extra3: Heute beginnt die Frauen-WM. Wer keinen Bock hat auf Weichei-FuÃŸball voller Diven, kann also froh sein, dass Bundesliga und Chaâ€¦",1072501414621077504,weltraumaffe
90,Fri Jun 07 14:45:33 +0000 2019,1137007694265704449,"The Womenâ€™s World Cup starts today so this account is now an official Alex Morgan, Megan Rapinoe, Tobin Heath, Mallâ€¦ https://t.co/NCjlMjGEXl",208739005,kino
91,Fri Jun 07 14:45:29 +0000 2019,1137007676876087296,"RT @extra3: Heute beginnt die Frauen-WM. Wer keinen Bock hat auf Weichei-FuÃŸball voller Diven, kann also froh sein, dass Bundesliga und Chaâ€¦",2898667199,MichlğŸ‡¨ğŸ‡°ğŸ‡¸ğŸ‡¨ğŸ‡§ğŸ‡¸
92,Fri Jun 07 14:45:29 +0000 2019,1137007675382927362,"RT @extra3: Heute beginnt die Frauen-WM. Wer keinen Bock hat auf Weichei-FuÃŸball voller Diven, kann also froh sein, dass Bundesliga und Chaâ€¦",994281163530424320,"Lou's EF Kuscheltier ğŸ¤—â™¥ï¸/* [CSD-Stuttgart,EWF19]âš¡"
93,Fri Jun 07 14:45:03 +0000 2019,1137007568814059520,is the wc match going to be on fox? #WWC2019,708475084,Sam
94,Fri Jun 07 14:45:00 +0000 2019,1137007554771349505,"La #WWC2019 dÃ©bute aujourd'hui avec #FRAKOR !
Pour l'occasion, je ressors des archives mon article dÃ©diÃ© Ã  cette coâ€¦ https://t.co/Wb6HSCBtsY",1001738990653931520,Foot d'infographies
95,Fri Jun 07 14:44:47 +0000 2019,1137007500337790977,"RT @extra3: Heute beginnt die Frauen-WM. Wer keinen Bock hat auf Weichei-FuÃŸball voller Diven, kann also froh sein, dass Bundesliga und Chaâ€¦",1124410642918719489,Cloudz64325
96,Fri Jun 07 14:44:22 +0000 2019,1137007397615087618,"Alors que ce #RG19 s'approche doucement de son terme, la Coupe du Monde FÃ©minine va commencer ce soir. ğŸ¾ âš½ğŸ†ğŸ‡«ğŸ‡·
L'encâ€¦ https://t.co/kAv3WDGMqm",2525435718,NikoO' â­6âƒ£ğŸ†
97,Fri Jun 07 14:44:10 +0000 2019,1137007345249148928,"World Cup begins today! ğŸ† 
4ï¸âƒ£ days until our first game ğŸ‡³ğŸ‡±
Can't wait! ğŸ”¶ï¸ğŸ¦

#oranjeleeuwinnen #onzejachtâ€¦ https://t.co/WUbaROteE7",108661043,Inessa Kaagman
98,Fri Jun 07 14:43:54 +0000 2019,1137007278874386433,"#WWC2019 kicks off today. As we will be in #Glasgow for #BAUS19 when it's on, we're rooting for @ScotlandNT #swnt Aâ€¦ https://t.co/XlJbXXCE9v",767631867424206848,SynergoÂ® Technology
99,Fri Jun 07 14:46:59 +0000 2019,1137008055814692865,"RT @extra3: Heute beginnt die Frauen-WM. Wer keinen Bock hat auf Weichei-FuÃŸball voller Diven, kann also froh sein, dass Bundesliga und Chaâ€¦",1000424952267444236,KnuffigerCarsto (TL Scrub) ğŸ³â€ğŸŒˆ
100,Fri Jun 07 14:46:55 +0000 2019,1137008037133205505,#WWC2019 starts today. Come on Canada! Bring it home! #CANWNT https://t.co/JTtN3PxBtd,362727949,Cody Fullerton
101,Fri Jun 07 14:46:46 +0000 2019,1137008002278576128,"RT @mercatomilan17: Oggi cominciano i Mondiali femminili di #Francia2019 ğŸ‡«ğŸ‡·.

Saranno 7 le Rossonere impegnate:

Laura #Fusetti ğŸ‡®ğŸ‡¹
Linda #Tâ€¦",889160369868025856,Alessio Lombardi
102,Fri Jun 07 14:46:31 +0000 2019,1137007936343953408,TIL a coworker @jennifer_bisset is a former pro footballer! (Thatâ€™s soccer to the Yanks out there.) Check out her aâ€¦ https://t.co/ieXNewyLcN,6595682,Stephen Shankland
103,Fri Jun 07 14:45:52 +0000 2019,1137007774972256261,"This is almost taking me back to my university days, studying American history in class. When it is required by lawâ€¦ https://t.co/j56evGlVA9",67267427,Diana Yeow
104,Fri Jun 07 14:45:43 +0000 2019,1137007737043378176,"RT @extra3: Heute beginnt die Frauen-WM. Wer keinen Bock hat auf Weichei-FuÃŸball voller Diven, kann also froh sein, dass Bundesliga und Chaâ€¦",1072501414621077504,weltraumaffe
105,Fri Jun 07 14:45:33 +0000 2019,1137007694265704449,"The Womenâ€™s World Cup starts today so this account is now an official Alex Morgan, Megan Rapinoe, Tobin Heath, Mallâ€¦ https://t.co/NCjlMjGEXl",208739005,kino
106,Fri Jun 07 14:45:29 +0000 2019,1137007676876087296,"RT @extra3: Heute beginnt die Frauen-WM. Wer keinen Bock hat auf Weichei-FuÃŸball voller Diven, kann also froh sein, dass Bundesliga und Chaâ€¦",2898667199,MichlğŸ‡¨ğŸ‡°ğŸ‡¸ğŸ‡¨ğŸ‡§ğŸ‡¸
107,Fri Jun 07 14:45:29 +0000 2019,1137007675382927362,"RT @extra3: Heute beginnt die Frauen-WM. Wer keinen Bock hat auf Weichei-FuÃŸball voller Diven, kann also froh sein, dass Bundesliga und Chaâ€¦",994281163530424320,"Lou's EF Kuscheltier ğŸ¤—â™¥ï¸/* [CSD-Stuttgart,EWF19]âš¡"
108,Fri Jun 07 14:45:03 +0000 2019,1137007568814059520,is the wc match going to be on fox? #WWC2019,708475084,Sam
109,Fri Jun 07 14:45:00 +0000 2019,1137007554771349505,"La #WWC2019 dÃ©bute aujourd'hui avec #FRAKOR !
Pour l'occasion, je ressors des archives mon article dÃ©diÃ© Ã  cette coâ€¦ https://t.co/Wb6HSCBtsY",1001738990653931520,Foot d'infographies
110,Fri Jun 07 14:44:47 +0000 2019,1137007500337790977,"RT @extra3: Heute beginnt die Frauen-WM. Wer keinen Bock hat auf Weichei-FuÃŸball voller Diven, kann also froh sein, dass Bundesliga und Chaâ€¦",1124410642918719489,Cloudz64325
111,Fri Jun 07 14:44:22 +0000 2019,1137007397615087618,"Alors que ce #RG19 s'approche doucement de son terme, la Coupe du Monde FÃ©minine va commencer ce soir. ğŸ¾ âš½ğŸ†ğŸ‡«ğŸ‡·
L'encâ€¦ https://t.co/kAv3WDGMqm",2525435718,NikoO' â­6âƒ£ğŸ†
112,Fri Jun 07 14:44:10 +0000 2019,1137007345249148928,"World Cup begins today! ğŸ† 
4ï¸âƒ£ days until our first game ğŸ‡³ğŸ‡±
Can't wait! ğŸ”¶ï¸ğŸ¦

#oranjeleeuwinnen #onzejachtâ€¦ https://t.co/WUbaROteE7",108661043,Inessa Kaagman
113,Fri Jun 07 14:43:54 +0000 2019,1137007278874386433,"#WWC2019 kicks off today. As we will be in #Glasgow for #BAUS19 when it's on, we're rooting for @ScotlandNT #swnt Aâ€¦ https://t.co/XlJbXXCE9v",767631867424206848,SynergoÂ® Technology
114,Fri Jun 07 14:47:30 +0000 2019,1137008184172982273,I obviously loved @AndrewDasNYTâ€™s overview of the teams and players of the #WWC2019. But I just want to point out hâ€¦ https://t.co/XiEbVkwgXq,1123410756,Jessie (202) 224-3121 Loschâ„ï¸ğŸŒŠ
115,Fri Jun 07 14:47:24 +0000 2019,1137008161242669056,"RT @ManCity: A hat-trick of World Cups for @ellsbells89 and the feeling keeps getting better! ğŸ´ó §ó ¢ó ¥ó ®ó §ó ¿ğŸ˜

Today marks the opening day of #WWCâ€¦",802001678954283008,daryil johnson
116,Fri Jun 07 14:47:18 +0000 2019,1137008136353669120,"RT @extra3: Heute beginnt die Frauen-WM. Wer keinen Bock hat auf Weichei-FuÃŸball voller Diven, kann also froh sein, dass Bundesliga und Chaâ€¦",3531494535,Erwin Tenhumberg
117,Fri Jun 07 14:46:59 +0000 2019,1137008055814692865,"RT @extra3: Heute beginnt die Frauen-WM. Wer keinen Bock hat auf Weichei-FuÃŸball voller Diven, kann also froh sein, dass Bundesliga und Chaâ€¦",1000424952267444236,KnuffigerCarsto (TL Scrub) ğŸ³â€ğŸŒˆ
118,Fri Jun 07 14:46:55 +0000 2019,1137008037133205505,#WWC2019 starts today. Come on Canada! Bring it home! #CANWNT https://t.co/JTtN3PxBtd,362727949,Cody Fullerton
119,Fri Jun 07 14:46:46 +0000 2019,1137008002278576128,"RT @mercatomilan17: Oggi cominciano i Mondiali femminili di #Francia2019 ğŸ‡«ğŸ‡·.

Saranno 7 le Rossonere impegnate:

Laura #Fusetti ğŸ‡®ğŸ‡¹
Linda #Tâ€¦",889160369868025856,Alessio Lombardi
120,Fri Jun 07 14:46:31 +0000 2019,1137007936343953408,TIL a coworker @jennifer_bisset is a former pro footballer! (Thatâ€™s soccer to the Yanks out there.) Check out her aâ€¦ https://t.co/ieXNewyLcN,6595682,Stephen Shankland
121,Fri Jun 07 14:45:52 +0000 2019,1137007774972256261,"This is almost taking me back to my university days, studying American history in class. When it is required by lawâ€¦ https://t.co/j56evGlVA9",67267427,Diana Yeow
122,Fri Jun 07 14:45:43 +0000 2019,1137007737043378176,"RT @extra3: Heute beginnt die Frauen-WM. Wer keinen Bock hat auf Weichei-FuÃŸball voller Diven, kann also froh sein, dass Bundesliga und Chaâ€¦",1072501414621077504,weltraumaffe
123,Fri Jun 07 14:45:33 +0000 2019,1137007694265704449,"The Womenâ€™s World Cup starts today so this account is now an official Alex Morgan, Megan Rapinoe, Tobin Heath, Mallâ€¦ https://t.co/NCjlMjGEXl",208739005,kino
124,Fri Jun 07 14:45:29 +0000 2019,1137007676876087296,"RT @extra3: Heute beginnt die Frauen-WM. Wer keinen Bock hat auf Weichei-FuÃŸball voller Diven, kann also froh sein, dass Bundesliga und Chaâ€¦",2898667199,MichlğŸ‡¨ğŸ‡°ğŸ‡¸ğŸ‡¨ğŸ‡§ğŸ‡¸
125,Fri Jun 07 14:45:29 +0000 2019,1137007675382927362,"RT @extra3: Heute beginnt die Frauen-WM. Wer keinen Bock hat auf Weichei-FuÃŸball voller Diven, kann also froh sein, dass Bundesliga und Chaâ€¦",994281163530424320,"Lou's EF Kuscheltier ğŸ¤—â™¥ï¸/* [CSD-Stuttgart,EWF19]âš¡"
126,Fri Jun 07 14:45:03 +0000 2019,1137007568814059520,is the wc match going to be on fox? #WWC2019,708475084,Sam
127,Fri Jun 07 14:45:00 +0000 2019,1137007554771349505,"La #WWC2019 dÃ©bute aujourd'hui avec #FRAKOR !
Pour l'occasion, je ressors des archives mon article dÃ©diÃ© Ã  cette coâ€¦ https://t.co/Wb6HSCBtsY",1001738990653931520,Foot d'infographies
128,Fri Jun 07 14:44:47 +0000 2019,1137007500337790977,"RT @extra3: Heute beginnt die Frauen-WM. Wer keinen Bock hat auf Weichei-FuÃŸball voller Diven, kann also froh sein, dass Bundesliga und Chaâ€¦",1124410642918719489,Cloudz64325
129,Fri Jun 07 14:47:55 +0000 2019,1137008288036532224,With #FIFAWWC starting today I am happy to announce I'll be on @5thstreetsports at 9pm ET/6pm PT @SIRIUSXM 211 co-hâ€¦ https://t.co/QoNGSzZU39,16653237,Kartik Krishnaiyer
130,Fri Jun 07 14:47:48 +0000 2019,1137008262073782274,"RT @extra3: Heute beginnt die Frauen-WM. Wer keinen Bock hat auf Weichei-FuÃŸball voller Diven, kann also froh sein, dass Bundesliga und Chaâ€¦",49923297,sinktothebottom
131,Fri Jun 07 14:47:48 +0000 2019,1137008258206588929,"RT @extra3: Heute beginnt die Frauen-WM. Wer keinen Bock hat auf Weichei-FuÃŸball voller Diven, kann also froh sein, dass Bundesliga und Chaâ€¦",56332799,Frau Friehkie
132,Fri Jun 07 14:47:40 +0000 2019,1137008227919564803,"RT @extra3: Heute beginnt die Frauen-WM. Wer keinen Bock hat auf Weichei-FuÃŸball voller Diven, kann also froh sein, dass Bundesliga und Chaâ€¦",1130063688361271296,dkr983
133,Fri Jun 07 14:47:30 +0000 2019,1137008184172982273,I obviously loved @AndrewDasNYTâ€™s overview of the teams and players of the #WWC2019. But I just want to point out hâ€¦ https://t.co/XiEbVkwgXq,1123410756,Jessie (202) 224-3121 Loschâ„ï¸ğŸŒŠ
134,Fri Jun 07 14:47:24 +0000 2019,1137008161242669056,"RT @ManCity: A hat-trick of World Cups for @ellsbells89 and the feeling keeps getting better! ğŸ´ó §ó ¢ó ¥ó ®ó §ó ¿ğŸ˜

Today marks the opening day of #WWCâ€¦",802001678954283008,daryil johnson
135,Fri Jun 07 14:47:18 +0000 2019,1137008136353669120,"RT @extra3: Heute beginnt die Frauen-WM. Wer keinen Bock hat auf Weichei-FuÃŸball voller Diven, kann also froh sein, dass Bundesliga und Chaâ€¦",3531494535,Erwin Tenhumberg
136,Fri Jun 07 14:46:59 +0000 2019,1137008055814692865,"RT @extra3: Heute beginnt die Frauen-WM. Wer keinen Bock hat auf Weichei-FuÃŸball voller Diven, kann also froh sein, dass Bundesliga und Chaâ€¦",1000424952267444236,KnuffigerCarsto (TL Scrub) ğŸ³â€ğŸŒˆ
137,Fri Jun 07 14:46:55 +0000 2019,1137008037133205505,#WWC2019 starts today. Come on Canada! Bring it home! #CANWNT https://t.co/JTtN3PxBtd,362727949,Cody Fullerton
138,Fri Jun 07 14:46:46 +0000 2019,1137008002278576128,"RT @mercatomilan17: Oggi cominciano i Mondiali femminili di #Francia2019 ğŸ‡«ğŸ‡·.

Saranno 7 le Rossonere impegnate:

Laura #Fusetti ğŸ‡®ğŸ‡¹
Linda #Tâ€¦",889160369868025856,Alessio Lombardi
139,Fri Jun 07 14:46:31 +0000 2019,1137007936343953408,TIL a coworker @jennifer_bisset is a former pro footballer! (Thatâ€™s soccer to the Yanks out there.) Check out her aâ€¦ https://t.co/ieXNewyLcN,6595682,Stephen Shankland
140,Fri Jun 07 14:45:52 +0000 2019,1137007774972256261,"This is almost taking me back to my university days, studying American history in class. When it is required by lawâ€¦ https://t.co/j56evGlVA9",67267427,Diana Yeow
141,Fri Jun 07 14:45:43 +0000 2019,1137007737043378176,"RT @extra3: Heute beginnt die Frauen-WM. Wer keinen Bock hat auf Weichei-FuÃŸball voller Diven, kann also froh sein, dass Bundesliga und Chaâ€¦",1072501414621077504,weltraumaffe
142,Fri Jun 07 14:45:33 +0000 2019,1137007694265704449,"The Womenâ€™s World Cup starts today so this account is now an official Alex Morgan, Megan Rapinoe, Tobin Heath, Mallâ€¦ https://t.co/NCjlMjGEXl",208739005,kino
143,Fri Jun 07 14:45:29 +0000 2019,1137007676876087296,"RT @extra3: Heute beginnt die Frauen-WM. Wer keinen Bock hat auf Weichei-FuÃŸball voller Diven, kann also froh sein, dass Bundesliga und Chaâ€¦",2898667199,MichlğŸ‡¨ğŸ‡°ğŸ‡¸ğŸ‡¨ğŸ‡§ğŸ‡¸
144,Fri Jun 07 14:48:23 +0000 2019,1137008407922262017,"RT @DerbyshireFA: To further continue the @FIFAWWC celebrations - we'll be running a poster competition!

If you're under the age of 18, yoâ€¦",701936074,GlossopJuniorsfc
145,Fri Jun 07 14:48:12 +0000 2019,1137008362535735296,"RT @DerbyshireFA: IT'S HERE!!

Today is the first day of the #WWC2019, kicking off tonight with host nation France taking on the Korea Repuâ€¦",701936074,GlossopJuniorsfc
146,Fri Jun 07 14:47:55 +0000 2019,1137008288036532224,With #FIFAWWC starting today I am happy to announce I'll be on @5thstreetsports at 9pm ET/6pm PT @SIRIUSXM 211 co-hâ€¦ https://t.co/QoNGSzZU39,16653237,Kartik Krishnaiyer
147,Fri Jun 07 14:47:48 +0000 2019,1137008262073782274,"RT @extra3: Heute beginnt die Frauen-WM. Wer keinen Bock hat auf Weichei-FuÃŸball voller Diven, kann also froh sein, dass Bundesliga und Chaâ€¦",49923297,sinktothebottom
148,Fri Jun 07 14:47:48 +0000 2019,1137008258206588929,"RT @extra3: Heute beginnt die Frauen-WM. Wer keinen Bock hat auf Weichei-FuÃŸball voller Diven, kann also froh sein, dass Bundesliga und Chaâ€¦",56332799,Frau Friehkie
149,Fri Jun 07 14:47:40 +0000 2019,1137008227919564803,"RT @extra3: Heute beginnt die Frauen-WM. Wer keinen Bock hat auf Weichei-FuÃŸball voller Diven, kann also froh sein, dass Bundesliga und Chaâ€¦",1130063688361271296,dkr983
150,Fri Jun 07 14:47:30 +0000 2019,1137008184172982273,I obviously loved @AndrewDasNYTâ€™s overview of the teams and players of the #WWC2019. But I just want to point out hâ€¦ https://t.co/XiEbVkwgXq,1123410756,Jessie (202) 224-3121 Loschâ„ï¸ğŸŒŠ
151,Fri Jun 07 14:47:24 +0000 2019,1137008161242669056,"RT @ManCity: A hat-trick of World Cups for @ellsbells89 and the feeling keeps getting better! ğŸ´ó §ó ¢ó ¥ó ®ó §ó ¿ğŸ˜

Today marks the opening day of #WWCâ€¦",802001678954283008,daryil johnson
152,Fri Jun 07 14:47:18 +0000 2019,1137008136353669120,"RT @extra3: Heute beginnt die Frauen-WM. Wer keinen Bock hat auf Weichei-FuÃŸball voller Diven, kann also froh sein, dass Bundesliga und Chaâ€¦",3531494535,Erwin Tenhumberg
153,Fri Jun 07 14:46:59 +0000 2019,1137008055814692865,"RT @extra3: Heute beginnt die Frauen-WM. Wer keinen Bock hat auf Weichei-FuÃŸball voller Diven, kann also froh sein, dass Bundesliga und Chaâ€¦",1000424952267444236,KnuffigerCarsto (TL Scrub) ğŸ³â€ğŸŒˆ
154,Fri Jun 07 14:46:55 +0000 2019,1137008037133205505,#WWC2019 starts today. Come on Canada! Bring it home! #CANWNT https://t.co/JTtN3PxBtd,362727949,Cody Fullerton
155,Fri Jun 07 14:46:46 +0000 2019,1137008002278576128,"RT @mercatomilan17: Oggi cominciano i Mondiali femminili di #Francia2019 ğŸ‡«ğŸ‡·.

Saranno 7 le Rossonere impegnate:

Laura #Fusetti ğŸ‡®ğŸ‡¹
Linda #Tâ€¦",889160369868025856,Alessio Lombardi
156,Fri Jun 07 14:46:31 +0000 2019,1137007936343953408,TIL a coworker @jennifer_bisset is a former pro footballer! (Thatâ€™s soccer to the Yanks out there.) Check out her aâ€¦ https://t.co/ieXNewyLcN,6595682,Stephen Shankland
157,Fri Jun 07 14:45:52 +0000 2019,1137007774972256261,"This is almost taking me back to my university days, studying American history in class. When it is required by lawâ€¦ https://t.co/j56evGlVA9",67267427,Diana Yeow
158,Fri Jun 07 14:45:43 +0000 2019,1137007737043378176,"RT @extra3: Heute beginnt die Frauen-WM. Wer keinen Bock hat auf Weichei-FuÃŸball voller Diven, kann also froh sein, dass Bundesliga und Chaâ€¦",1072501414621077504,weltraumaffe
159,Fri Jun 07 14:52:19 +0000 2019,1137009395957739522,"RT @extra3: Heute beginnt die Frauen-WM. Wer keinen Bock hat auf Weichei-FuÃŸball voller Diven, kann also froh sein, dass Bundesliga und Chaâ€¦",1133344518458290177,Informationsbot
160,Fri Jun 07 14:52:00 +0000 2019,1137009316970553344,"RT @HunterGodson: THE MIXER - All the kit, fashion, art, design and tech that you need in your life.

If you have any products you think woâ€¦",983825856811405312,Uma Pintura
161,Fri Jun 07 14:51:21 +0000 2019,1137009153640226816,"RT @ritaguari: Al via la #wwc2019 e domenica  l'esordio per le nostre #azzurre ğŸ‡®ğŸ‡¹ğŸ’™ Un sogno, un'opportunitÃ , un altro passo in avanti per iâ€¦",28324878,Danieli Hautequest Furlan
162,Fri Jun 07 14:50:44 +0000 2019,1137008998065070082,"RT @ritaguari: Al via la #wwc2019 e domenica  l'esordio per le nostre #azzurre ğŸ‡®ğŸ‡¹ğŸ’™ Un sogno, un'opportunitÃ , un altro passo in avanti per iâ€¦",474434171,Nino Ori
163,Fri Jun 07 14:50:38 +0000 2019,1137008973826154496,"RT @ritaguari: Al via la #wwc2019 e domenica  l'esordio per le nostre #azzurre ğŸ‡®ğŸ‡¹ğŸ’™ Un sogno, un'opportunitÃ , un altro passo in avanti per iâ€¦",873816344873009152,_MagicQuinnyğŸ¦„
164,Fri Jun 07 14:50:20 +0000 2019,1137008897296883712,"RT @ritaguari: Al via la #wwc2019 e domenica  l'esordio per le nostre #azzurre ğŸ‡®ğŸ‡¹ğŸ’™ Un sogno, un'opportunitÃ , un altro passo in avanti per iâ€¦",471155445,Omar bini #ANTIFASCISTA âœŠğŸ»
165,Fri Jun 07 14:50:10 +0000 2019,1137008853948801024,El #MundialFemenino se inaugura con el Francia - Corea del Sur. Â¿Partido con goles? #apuestas #FutFem #WWC2019 https://t.co/sUAc74uVxA,26018802,Apuestas Deportivas
166,Fri Jun 07 14:49:50 +0000 2019,1137008771442589696,"RT @extra3: Heute beginnt die Frauen-WM. Wer keinen Bock hat auf Weichei-FuÃŸball voller Diven, kann also froh sein, dass Bundesliga und Chaâ€¦",1136732952749051905,ary spamm
167,Fri Jun 07 14:49:48 +0000 2019,1137008765243461632,"RT @kino2g: The Womenâ€™s World Cup starts today so this account is now an official Alex Morgan, Megan Rapinoe, Tobin Heath, Mallory Pugh, anâ€¦",532445428,EdGRRRğŸ—¯
168,Fri Jun 07 14:49:40 +0000 2019,1137008728467746816,"RT @extra3: Heute beginnt die Frauen-WM. Wer keinen Bock hat auf Weichei-FuÃŸball voller Diven, kann also froh sein, dass Bundesliga und Chaâ€¦",1117475962655055872,LauchğŸ³ï¸â€ğŸŒˆ
169,Fri Jun 07 14:49:31 +0000 2019,1137008692157661185,"buena predicciÃ³n, veremos, #WWC2019 #FIFAWWC #Francia2019 https://t.co/0OcRevkQfN",237831975,lo q MarÃ­a se llevo
170,Fri Jun 07 14:49:11 +0000 2019,1137008607072047104,RT @FranciaenGuate: â³Unas horas antes la Copa Mundial Femenina de la Football. Celebramos el notable Ã©xito de las mujeres atletas. EstÃ¡n roâ€¦,1362391326,UniÃ³n Europea
171,Fri Jun 07 14:49:04 +0000 2019,1137008578563366912,Ce soir match d'ouverture de la @FIFAWWC : @equipedefrance / CorÃ©e du Sud ! #AllezLesBleues ! #WWC2019,455777701,Thibaud FCGB
172,Fri Jun 07 14:48:23 +0000 2019,1137008407922262017,"RT @DerbyshireFA: To further continue the @FIFAWWC celebrations - we'll be running a poster competition!

If you're under the age of 18, yoâ€¦",701936074,GlossopJuniorsfc
173,Fri Jun 07 14:48:12 +0000 2019,1137008362535735296,"RT @DerbyshireFA: IT'S HERE!!

Today is the first day of the #WWC2019, kicking off tonight with host nation France taking on the Korea Repuâ€¦",701936074,GlossopJuniorsfc
174,Fri Jun 07 14:52:19 +0000 2019,1137009395957739522,"RT @extra3: Heute beginnt die Frauen-WM. Wer keinen Bock hat auf Weichei-FuÃŸball voller Diven, kann also froh sein, dass Bundesliga und Chaâ€¦",1133344518458290177,Informationsbot
175,Fri Jun 07 14:52:00 +0000 2019,1137009316970553344,"RT @HunterGodson: THE MIXER - All the kit, fashion, art, design and tech that you need in your life.

If you have any products you think woâ€¦",983825856811405312,Uma Pintura
176,Fri Jun 07 14:51:21 +0000 2019,1137009153640226816,"RT @ritaguari: Al via la #wwc2019 e domenica  l'esordio per le nostre #azzurre ğŸ‡®ğŸ‡¹ğŸ’™ Un sogno, un'opportunitÃ , un altro passo in avanti per iâ€¦",28324878,Danieli Hautequest Furlan
177,Fri Jun 07 14:50:44 +0000 2019,1137008998065070082,"RT @ritaguari: Al via la #wwc2019 e domenica  l'esordio per le nostre #azzurre ğŸ‡®ğŸ‡¹ğŸ’™ Un sogno, un'opportunitÃ , un altro passo in avanti per iâ€¦",474434171,Nino Ori
178,Fri Jun 07 14:50:38 +0000 2019,1137008973826154496,"RT @ritaguari: Al via la #wwc2019 e domenica  l'esordio per le nostre #azzurre ğŸ‡®ğŸ‡¹ğŸ’™ Un sogno, un'opportunitÃ , un altro passo in avanti per iâ€¦",873816344873009152,_MagicQuinnyğŸ¦„
179,Fri Jun 07 14:50:20 +0000 2019,1137008897296883712,"RT @ritaguari: Al via la #wwc2019 e domenica  l'esordio per le nostre #azzurre ğŸ‡®ğŸ‡¹ğŸ’™ Un sogno, un'opportunitÃ , un altro passo in avanti per iâ€¦",471155445,Omar bini #ANTIFASCISTA âœŠğŸ»
180,Fri Jun 07 14:50:10 +0000 2019,1137008853948801024,El #MundialFemenino se inaugura con el Francia - Corea del Sur. Â¿Partido con goles? #apuestas #FutFem #WWC2019 https://t.co/sUAc74uVxA,26018802,Apuestas Deportivas
181,Fri Jun 07 14:49:50 +0000 2019,1137008771442589696,"RT @extra3: Heute beginnt die Frauen-WM. Wer keinen Bock hat auf Weichei-FuÃŸball voller Diven, kann also froh sein, dass Bundesliga und Chaâ€¦",1136732952749051905,ary spamm
182,Fri Jun 07 14:49:48 +0000 2019,1137008765243461632,"RT @kino2g: The Womenâ€™s World Cup starts today so this account is now an official Alex Morgan, Megan Rapinoe, Tobin Heath, Mallory Pugh, anâ€¦",532445428,EdGRRRğŸ—¯
183,Fri Jun 07 14:49:40 +0000 2019,1137008728467746816,"RT @extra3: Heute beginnt die Frauen-WM. Wer keinen Bock hat auf Weichei-FuÃŸball voller Diven, kann also froh sein, dass Bundesliga und Chaâ€¦",1117475962655055872,LauchğŸ³ï¸â€ğŸŒˆ
184,Fri Jun 07 14:49:31 +0000 2019,1137008692157661185,"buena predicciÃ³n, veremos, #WWC2019 #FIFAWWC #Francia2019 https://t.co/0OcRevkQfN",237831975,lo q MarÃ­a se llevo
185,Fri Jun 07 14:49:11 +0000 2019,1137008607072047104,RT @FranciaenGuate: â³Unas horas antes la Copa Mundial Femenina de la Football. Celebramos el notable Ã©xito de las mujeres atletas. EstÃ¡n roâ€¦,1362391326,UniÃ³n Europea
186,Fri Jun 07 14:49:04 +0000 2019,1137008578563366912,Ce soir match d'ouverture de la @FIFAWWC : @equipedefrance / CorÃ©e du Sud ! #AllezLesBleues ! #WWC2019,455777701,Thibaud FCGB
187,Fri Jun 07 14:48:23 +0000 2019,1137008407922262017,"RT @DerbyshireFA: To further continue the @FIFAWWC celebrations - we'll be running a poster competition!

If you're under the age of 18, yoâ€¦",701936074,GlossopJuniorsfc
188,Fri Jun 07 14:48:12 +0000 2019,1137008362535735296,"RT @DerbyshireFA: IT'S HERE!!

Today is the first day of the #WWC2019, kicking off tonight with host nation France taking on the Korea Repuâ€¦",701936074,GlossopJuniorsfc
189,Fri Jun 07 14:52:19 +0000 2019,1137009395957739522,"RT @extra3: Heute beginnt die Frauen-WM. Wer keinen Bock hat auf Weichei-FuÃŸball voller Diven, kann also froh sein, dass Bundesliga und Chaâ€¦",1133344518458290177,Informationsbot
190,Fri Jun 07 14:52:00 +0000 2019,1137009316970553344,"RT @HunterGodson: THE MIXER - All the kit, fashion, art, design and tech that you need in your life.

If you have any products you think woâ€¦",983825856811405312,Uma Pintura
191,Fri Jun 07 14:51:21 +0000 2019,1137009153640226816,"RT @ritaguari: Al via la #wwc2019 e domenica  l'esordio per le nostre #azzurre ğŸ‡®ğŸ‡¹ğŸ’™ Un sogno, un'opportunitÃ , un altro passo in avanti per iâ€¦",28324878,Danieli Hautequest Furlan
192,Fri Jun 07 14:50:44 +0000 2019,1137008998065070082,"RT @ritaguari: Al via la #wwc2019 e domenica  l'esordio per le nostre #azzurre ğŸ‡®ğŸ‡¹ğŸ’™ Un sogno, un'opportunitÃ , un altro passo in avanti per iâ€¦",474434171,Nino Ori
193,Fri Jun 07 14:50:38 +0000 2019,1137008973826154496,"RT @ritaguari: Al via la #wwc2019 e domenica  l'esordio per le nostre #azzurre ğŸ‡®ğŸ‡¹ğŸ’™ Un sogno, un'opportunitÃ , un altro passo in avanti per iâ€¦",873816344873009152,_MagicQuinnyğŸ¦„
194,Fri Jun 07 14:50:20 +0000 2019,1137008897296883712,"RT @ritaguari: Al via la #wwc2019 e domenica  l'esordio per le nostre #azzurre ğŸ‡®ğŸ‡¹ğŸ’™ Un sogno, un'opportunitÃ , un altro passo in avanti per iâ€¦",471155445,Omar bini #ANTIFASCISTA âœŠğŸ»
195,Fri Jun 07 14:50:10 +0000 2019,1137008853948801024,El #MundialFemenino se inaugura con el Francia - Corea del Sur. Â¿Partido con goles? #apuestas #FutFem #WWC2019 https://t.co/sUAc74uVxA,26018802,Apuestas Deportivas
196,Fri Jun 07 14:49:50 +0000 2019,1137008771442589696,"RT @extra3: Heute beginnt die Frauen-WM. Wer keinen Bock hat auf Weichei-FuÃŸball voller Diven, kann also froh sein, dass Bundesliga und Chaâ€¦",1136732952749051905,ary spamm
197,Fri Jun 07 14:49:48 +0000 2019,1137008765243461632,"RT @kino2g: The Womenâ€™s World Cup starts today so this account is now an official Alex Morgan, Megan Rapinoe, Tobin Heath, Mallory Pugh, anâ€¦",532445428,EdGRRRğŸ—¯
198,Fri Jun 07 14:49:40 +0000 2019,1137008728467746816,"RT @extra3: Heute beginnt die Frauen-WM. Wer keinen Bock hat auf Weichei-FuÃŸball voller Diven, kann also froh sein, dass Bundesliga und Chaâ€¦",1117475962655055872,LauchğŸ³ï¸â€ğŸŒˆ
199,Fri Jun 07 14:49:31 +0000 2019,1137008692157661185,"buena predicciÃ³n, veremos, #WWC2019 #FIFAWWC #Francia2019 https://t.co/0OcRevkQfN",237831975,lo q MarÃ­a se llevo
200,Fri Jun 07 14:49:11 +0000 2019,1137008607072047104,RT @FranciaenGuate: â³Unas horas antes la Copa Mundial Femenina de la Football. Celebramos el notable Ã©xito de las mujeres atletas. EstÃ¡n roâ€¦,1362391326,UniÃ³n Europea
201,Fri Jun 07 14:49:04 +0000 2019,1137008578563366912,Ce soir match d'ouverture de la @FIFAWWC : @equipedefrance / CorÃ©e du Sud ! #AllezLesBleues ! #WWC2019,455777701,Thibaud FCGB
202,Fri Jun 07 14:48:23 +0000 2019,1137008407922262017,"RT @DerbyshireFA: To further continue the @FIFAWWC celebrations - we'll be running a poster competition!

If you're under the age of 18, yoâ€¦",701936074,GlossopJuniorsfc
203,Fri Jun 07 14:48:12 +0000 2019,1137008362535735296,"RT @DerbyshireFA: IT'S HERE!!

Today is the first day of the #WWC2019, kicking off tonight with host nation France taking on the Korea Repuâ€¦",701936074,GlossopJuniorsfc
204,Fri Jun 07 14:52:58 +0000 2019,1137009561817083904,"RT @dreamteamfc: From the streets of Jamaica to the biggest stage in world football, one of the most exciting talents has overcome massiveâ€¦",977107560,FantasmitağŸ‡ºğŸ‡¸ğŸ‡¸ğŸ‡»
205,Fri Jun 07 14:52:46 +0000 2019,1137009511535742976,These Women's World Cup players have Bay Area roots #bayareafutbol #wwc #wwc2019 #FIFAWFC2019 https://t.co/0tgSdkBLUE via @SFGate,34037744,Douglas Zimmerman
206,Fri Jun 07 14:52:19 +0000 2019,1137009395957739522,"RT @extra3: Heute beginnt die Frauen-WM. Wer keinen Bock hat auf Weichei-FuÃŸball voller Diven, kann also froh sein, dass Bundesliga und Chaâ€¦",1133344518458290177,Informationsbot
207,Fri Jun 07 14:52:00 +0000 2019,1137009316970553344,"RT @HunterGodson: THE MIXER - All the kit, fashion, art, design and tech that you need in your life.

If you have any products you think woâ€¦",983825856811405312,Uma Pintura
208,Fri Jun 07 14:51:21 +0000 2019,1137009153640226816,"RT @ritaguari: Al via la #wwc2019 e domenica  l'esordio per le nostre #azzurre ğŸ‡®ğŸ‡¹ğŸ’™ Un sogno, un'opportunitÃ , un altro passo in avanti per iâ€¦",28324878,Danieli Hautequest Furlan
209,Fri Jun 07 14:50:44 +0000 2019,1137008998065070082,"RT @ritaguari: Al via la #wwc2019 e domenica  l'esordio per le nostre #azzurre ğŸ‡®ğŸ‡¹ğŸ’™ Un sogno, un'opportunitÃ , un altro passo in avanti per iâ€¦",474434171,Nino Ori
210,Fri Jun 07 14:50:38 +0000 2019,1137008973826154496,"RT @ritaguari: Al via la #wwc2019 e domenica  l'esordio per le nostre #azzurre ğŸ‡®ğŸ‡¹ğŸ’™ Un sogno, un'opportunitÃ , un altro passo in avanti per iâ€¦",873816344873009152,_MagicQuinnyğŸ¦„
211,Fri Jun 07 14:50:20 +0000 2019,1137008897296883712,"RT @ritaguari: Al via la #wwc2019 e domenica  l'esordio per le nostre #azzurre ğŸ‡®ğŸ‡¹ğŸ’™ Un sogno, un'opportunitÃ , un altro passo in avanti per iâ€¦",471155445,Omar bini #ANTIFASCISTA âœŠğŸ»
212,Fri Jun 07 14:50:10 +0000 2019,1137008853948801024,El #MundialFemenino se inaugura con el Francia - Corea del Sur. Â¿Partido con goles? #apuestas #FutFem #WWC2019 https://t.co/sUAc74uVxA,26018802,Apuestas Deportivas
213,Fri Jun 07 14:49:50 +0000 2019,1137008771442589696,"RT @extra3: Heute beginnt die Frauen-WM. Wer keinen Bock hat auf Weichei-FuÃŸball voller Diven, kann also froh sein, dass Bundesliga und Chaâ€¦",1136732952749051905,ary spamm
214,Fri Jun 07 14:49:48 +0000 2019,1137008765243461632,"RT @kino2g: The Womenâ€™s World Cup starts today so this account is now an official Alex Morgan, Megan Rapinoe, Tobin Heath, Mallory Pugh, anâ€¦",532445428,EdGRRRğŸ—¯
215,Fri Jun 07 14:49:40 +0000 2019,1137008728467746816,"RT @extra3: Heute beginnt die Frauen-WM. Wer keinen Bock hat auf Weichei-FuÃŸball voller Diven, kann also froh sein, dass Bundesliga und Chaâ€¦",1117475962655055872,LauchğŸ³ï¸â€ğŸŒˆ
216,Fri Jun 07 14:49:31 +0000 2019,1137008692157661185,"buena predicciÃ³n, veremos, #WWC2019 #FIFAWWC #Francia2019 https://t.co/0OcRevkQfN",237831975,lo q MarÃ­a se llevo
217,Fri Jun 07 14:49:11 +0000 2019,1137008607072047104,RT @FranciaenGuate: â³Unas horas antes la Copa Mundial Femenina de la Football. Celebramos el notable Ã©xito de las mujeres atletas. EstÃ¡n roâ€¦,1362391326,UniÃ³n Europea
218,Fri Jun 07 14:49:04 +0000 2019,1137008578563366912,Ce soir match d'ouverture de la @FIFAWWC : @equipedefrance / CorÃ©e du Sud ! #AllezLesBleues ! #WWC2019,455777701,Thibaud FCGB
219,Fri Jun 07 14:53:19 +0000 2019,1137009649130135552,"The Women's World Cup kicks off today! 

For all you Canadian fans out there, here's the upcoming schedule for #CANâ€¦ https://t.co/y16M3S2Xt5",312091763,NextSportStar.com
220,Fri Jun 07 14:53:18 +0000 2019,1137009644713447424,The only thing that matters today. Happy Friday!!! #WWC2019 https://t.co/qJZGS59rsy,162159547,The Dyke Russell Wilson
221,Fri Jun 07 14:52:58 +0000 2019,1137009561817083904,"RT @dreamteamfc: From the streets of Jamaica to the biggest stage in world football, one of the most exciting talents has overcome massiveâ€¦",977107560,FantasmitağŸ‡ºğŸ‡¸ğŸ‡¸ğŸ‡»
222,Fri Jun 07 14:52:46 +0000 2019,1137009511535742976,These Women's World Cup players have Bay Area roots #bayareafutbol #wwc #wwc2019 #FIFAWFC2019 https://t.co/0tgSdkBLUE via @SFGate,34037744,Douglas Zimmerman
223,Fri Jun 07 14:52:19 +0000 2019,1137009395957739522,"RT @extra3: Heute beginnt die Frauen-WM. Wer keinen Bock hat auf Weichei-FuÃŸball voller Diven, kann also froh sein, dass Bundesliga und Chaâ€¦",1133344518458290177,Informationsbot
224,Fri Jun 07 14:52:00 +0000 2019,1137009316970553344,"RT @HunterGodson: THE MIXER - All the kit, fashion, art, design and tech that you need in your life.

If you have any products you think woâ€¦",983825856811405312,Uma Pintura
225,Fri Jun 07 14:51:21 +0000 2019,1137009153640226816,"RT @ritaguari: Al via la #wwc2019 e domenica  l'esordio per le nostre #azzurre ğŸ‡®ğŸ‡¹ğŸ’™ Un sogno, un'opportunitÃ , un altro passo in avanti per iâ€¦",28324878,Danieli Hautequest Furlan
226,Fri Jun 07 14:50:44 +0000 2019,1137008998065070082,"RT @ritaguari: Al via la #wwc2019 e domenica  l'esordio per le nostre #azzurre ğŸ‡®ğŸ‡¹ğŸ’™ Un sogno, un'opportunitÃ , un altro passo in avanti per iâ€¦",474434171,Nino Ori
227,Fri Jun 07 14:50:38 +0000 2019,1137008973826154496,"RT @ritaguari: Al via la #wwc2019 e domenica  l'esordio per le nostre #azzurre ğŸ‡®ğŸ‡¹ğŸ’™ Un sogno, un'opportunitÃ , un altro passo in avanti per iâ€¦",873816344873009152,_MagicQuinnyğŸ¦„
228,Fri Jun 07 14:50:20 +0000 2019,1137008897296883712,"RT @ritaguari: Al via la #wwc2019 e domenica  l'esordio per le nostre #azzurre ğŸ‡®ğŸ‡¹ğŸ’™ Un sogno, un'opportunitÃ , un altro passo in avanti per iâ€¦",471155445,Omar bini #ANTIFASCISTA âœŠğŸ»
229,Fri Jun 07 14:50:10 +0000 2019,1137008853948801024,El #MundialFemenino se inaugura con el Francia - Corea del Sur. Â¿Partido con goles? #apuestas #FutFem #WWC2019 https://t.co/sUAc74uVxA,26018802,Apuestas Deportivas
230,Fri Jun 07 14:49:50 +0000 2019,1137008771442589696,"RT @extra3: Heute beginnt die Frauen-WM. Wer keinen Bock hat auf Weichei-FuÃŸball voller Diven, kann also froh sein, dass Bundesliga und Chaâ€¦",1136732952749051905,ary spamm
231,Fri Jun 07 14:49:48 +0000 2019,1137008765243461632,"RT @kino2g: The Womenâ€™s World Cup starts today so this account is now an official Alex Morgan, Megan Rapinoe, Tobin Heath, Mallory Pugh, anâ€¦",532445428,EdGRRRğŸ—¯
232,Fri Jun 07 14:49:40 +0000 2019,1137008728467746816,"RT @extra3: Heute beginnt die Frauen-WM. Wer keinen Bock hat auf Weichei-FuÃŸball voller Diven, kann also froh sein, dass Bundesliga und Chaâ€¦",1117475962655055872,LauchğŸ³ï¸â€ğŸŒˆ
233,Fri Jun 07 14:49:31 +0000 2019,1137008692157661185,"buena predicciÃ³n, veremos, #WWC2019 #FIFAWWC #Francia2019 https://t.co/0OcRevkQfN",237831975,lo q MarÃ­a se llevo
234,Fri Jun 07 14:54:03 +0000 2019,1137009832869978112,"RT @CoachesVoice: ğŸ—£ ""Every single minute of every single day, they know we care for them. When I knew my managers cared about me, that madeâ€¦",3433053112,Sarah Pickford
235,Fri Jun 07 14:53:46 +0000 2019,1137009759754866688,"RT @extra3: Heute beginnt die Frauen-WM. Wer keinen Bock hat auf Weichei-FuÃŸball voller Diven, kann also froh sein, dass Bundesliga und Chaâ€¦",4876674257,Tobias Hanke
236,Fri Jun 07 14:53:42 +0000 2019,1137009746987425793,"RT @extra3: Heute beginnt die Frauen-WM. Wer keinen Bock hat auf Weichei-FuÃŸball voller Diven, kann also froh sein, dass Bundesliga und Chaâ€¦",899581446343581696,SOS
237,Fri Jun 07 14:53:19 +0000 2019,1137009649130135552,"The Women's World Cup kicks off today! 

For all you Canadian fans out there, here's the upcoming schedule for #CANâ€¦ https://t.co/y16M3S2Xt5",312091763,NextSportStar.com
238,Fri Jun 07 14:53:18 +0000 2019,1137009644713447424,The only thing that matters today. Happy Friday!!! #WWC2019 https://t.co/qJZGS59rsy,162159547,The Dyke Russell Wilson
239,Fri Jun 07 14:52:58 +0000 2019,1137009561817083904,"RT @dreamteamfc: From the streets of Jamaica to the biggest stage in world football, one of the most exciting talents has overcome massiveâ€¦",977107560,FantasmitağŸ‡ºğŸ‡¸ğŸ‡¸ğŸ‡»
240,Fri Jun 07 14:52:46 +0000 2019,1137009511535742976,These Women's World Cup players have Bay Area roots #bayareafutbol #wwc #wwc2019 #FIFAWFC2019 https://t.co/0tgSdkBLUE via @SFGate,34037744,Douglas Zimmerman
241,Fri Jun 07 14:52:19 +0000 2019,1137009395957739522,"RT @extra3: Heute beginnt die Frauen-WM. Wer keinen Bock hat auf Weichei-FuÃŸball voller Diven, kann also froh sein, dass Bundesliga und Chaâ€¦",1133344518458290177,Informationsbot
242,Fri Jun 07 14:52:00 +0000 2019,1137009316970553344,"RT @HunterGodson: THE MIXER - All the kit, fashion, art, design and tech that you need in your life.

If you have any products you think woâ€¦",983825856811405312,Uma Pintura
243,Fri Jun 07 14:51:21 +0000 2019,1137009153640226816,"RT @ritaguari: Al via la #wwc2019 e domenica  l'esordio per le nostre #azzurre ğŸ‡®ğŸ‡¹ğŸ’™ Un sogno, un'opportunitÃ , un altro passo in avanti per iâ€¦",28324878,Danieli Hautequest Furlan
244,Fri Jun 07 14:50:44 +0000 2019,1137008998065070082,"RT @ritaguari: Al via la #wwc2019 e domenica  l'esordio per le nostre #azzurre ğŸ‡®ğŸ‡¹ğŸ’™ Un sogno, un'opportunitÃ , un altro passo in avanti per iâ€¦",474434171,Nino Ori
245,Fri Jun 07 14:50:38 +0000 2019,1137008973826154496,"RT @ritaguari: Al via la #wwc2019 e domenica  l'esordio per le nostre #azzurre ğŸ‡®ğŸ‡¹ğŸ’™ Un sogno, un'opportunitÃ , un altro passo in avanti per iâ€¦",873816344873009152,_MagicQuinnyğŸ¦„
246,Fri Jun 07 14:50:20 +0000 2019,1137008897296883712,"RT @ritaguari: Al via la #wwc2019 e domenica  l'esordio per le nostre #azzurre ğŸ‡®ğŸ‡¹ğŸ’™ Un sogno, un'opportunitÃ , un altro passo in avanti per iâ€¦",471155445,Omar bini #ANTIFASCISTA âœŠğŸ»
247,Fri Jun 07 14:50:10 +0000 2019,1137008853948801024,El #MundialFemenino se inaugura con el Francia - Corea del Sur. Â¿Partido con goles? #apuestas #FutFem #WWC2019 https://t.co/sUAc74uVxA,26018802,Apuestas Deportivas
248,Fri Jun 07 14:49:50 +0000 2019,1137008771442589696,"RT @extra3: Heute beginnt die Frauen-WM. Wer keinen Bock hat auf Weichei-FuÃŸball voller Diven, kann also froh sein, dass Bundesliga und Chaâ€¦",1136732952749051905,ary spamm
249,Fri Jun 07 14:54:03 +0000 2019,1137009832869978112,"RT @CoachesVoice: ğŸ—£ ""Every single minute of every single day, they know we care for them. When I knew my managers cared about me, that madeâ€¦",3433053112,Sarah Pickford
250,Fri Jun 07 14:53:46 +0000 2019,1137009759754866688,"RT @extra3: Heute beginnt die Frauen-WM. Wer keinen Bock hat auf Weichei-FuÃŸball voller Diven, kann also froh sein, dass Bundesliga und Chaâ€¦",4876674257,Tobias Hanke
251,Fri Jun 07 14:53:42 +0000 2019,1137009746987425793,"RT @extra3: Heute beginnt die Frauen-WM. Wer keinen Bock hat auf Weichei-FuÃŸball voller Diven, kann also froh sein, dass Bundesliga und Chaâ€¦",899581446343581696,SOS
252,Fri Jun 07 14:53:19 +0000 2019,1137009649130135552,"The Women's World Cup kicks off today! 

For all you Canadian fans out there, here's the upcoming schedule for #CANâ€¦ https://t.co/y16M3S2Xt5",312091763,NextSportStar.com
253,Fri Jun 07 14:53:18 +0000 2019,1137009644713447424,The only thing that matters today. Happy Friday!!! #WWC2019 https://t.co/qJZGS59rsy,162159547,The Dyke Russell Wilson
254,Fri Jun 07 14:52:58 +0000 2019,1137009561817083904,"RT @dreamteamfc: From the streets of Jamaica to the biggest stage in world football, one of the most exciting talents has overcome massiveâ€¦",977107560,FantasmitağŸ‡ºğŸ‡¸ğŸ‡¸ğŸ‡»
255,Fri Jun 07 14:52:46 +0000 2019,1137009511535742976,These Women's World Cup players have Bay Area roots #bayareafutbol #wwc #wwc2019 #FIFAWFC2019 https://t.co/0tgSdkBLUE via @SFGate,34037744,Douglas Zimmerman
256,Fri Jun 07 14:52:19 +0000 2019,1137009395957739522,"RT @extra3: Heute beginnt die Frauen-WM. Wer keinen Bock hat auf Weichei-FuÃŸball voller Diven, kann also froh sein, dass Bundesliga und Chaâ€¦",1133344518458290177,Informationsbot
257,Fri Jun 07 14:52:00 +0000 2019,1137009316970553344,"RT @HunterGodson: THE MIXER - All the kit, fashion, art, design and tech that you need in your life.

If you have any products you think woâ€¦",983825856811405312,Uma Pintura
258,Fri Jun 07 14:51:21 +0000 2019,1137009153640226816,"RT @ritaguari: Al via la #wwc2019 e domenica  l'esordio per le nostre #azzurre ğŸ‡®ğŸ‡¹ğŸ’™ Un sogno, un'opportunitÃ , un altro passo in avanti per iâ€¦",28324878,Danieli Hautequest Furlan
259,Fri Jun 07 14:50:44 +0000 2019,1137008998065070082,"RT @ritaguari: Al via la #wwc2019 e domenica  l'esordio per le nostre #azzurre ğŸ‡®ğŸ‡¹ğŸ’™ Un sogno, un'opportunitÃ , un altro passo in avanti per iâ€¦",474434171,Nino Ori
260,Fri Jun 07 14:50:38 +0000 2019,1137008973826154496,"RT @ritaguari: Al via la #wwc2019 e domenica  l'esordio per le nostre #azzurre ğŸ‡®ğŸ‡¹ğŸ’™ Un sogno, un'opportunitÃ , un altro passo in avanti per iâ€¦",873816344873009152,_MagicQuinnyğŸ¦„
261,Fri Jun 07 14:50:20 +0000 2019,1137008897296883712,"RT @ritaguari: Al via la #wwc2019 e domenica  l'esordio per le nostre #azzurre ğŸ‡®ğŸ‡¹ğŸ’™ Un sogno, un'opportunitÃ , un altro passo in avanti per iâ€¦",471155445,Omar bini #ANTIFASCISTA âœŠğŸ»
262,Fri Jun 07 14:50:10 +0000 2019,1137008853948801024,El #MundialFemenino se inaugura con el Francia - Corea del Sur. Â¿Partido con goles? #apuestas #FutFem #WWC2019 https://t.co/sUAc74uVxA,26018802,Apuestas Deportivas
263,Fri Jun 07 14:49:50 +0000 2019,1137008771442589696,"RT @extra3: Heute beginnt die Frauen-WM. Wer keinen Bock hat auf Weichei-FuÃŸball voller Diven, kann also froh sein, dass Bundesliga und Chaâ€¦",1136732952749051905,ary spamm
264,Fri Jun 07 14:58:02 +0000 2019,1137010833601392640,It's opening day for #WWC2019! Can't wait to watch these athletes kicking ass! #USWNTğŸ‡ºğŸ‡¸ #Ibelieve #FiersdetreBleues #AllezLesBleues,14603562,Celine de Courson
265,Fri Jun 07 14:57:59 +0000 2019,1137010822582919168,"@FDSportsbook is the place to go to bet on the #WomensWorldCup 

Who would you bet on to win?â€¦ https://t.co/a1z2EsGMgG",2898110598,jockalytics
266,Fri Jun 07 14:57:57 +0000 2019,1137010815985430528,"RT @extra3: Heute beginnt die Frauen-WM. Wer keinen Bock hat auf Weichei-FuÃŸball voller Diven, kann also froh sein, dass Bundesliga und Chaâ€¦",863470697804423170,Patrik
267,Fri Jun 07 14:57:49 +0000 2019,1137010779670974470,Itâ€™s hard to believe Iâ€™m not actually in France for the Womenâ€™s World Cup like wtf  #WWC2019,738386399330598912,leeâ€¢ann
268,Fri Jun 07 14:57:36 +0000 2019,1137010728391663618,RT @kkfla737: With #FIFAWWC starting today I am happy to announce I'll be on @5thstreetsports at 9pm ET/6pm PT @SIRIUSXM 211 co-hosting theâ€¦,276179593,Latha Krishnaiyer
269,Fri Jun 07 14:57:11 +0000 2019,1137010622585946112,happy world cup day!! #WWC2019 https://t.co/C6ZrORrOlb,513640061,chris
270,Fri Jun 07 14:57:10 +0000 2019,1137010617125150721,Still a chance to get a bet in before this afternoon for the #WWC2019 &amp; don't be the #BelmontStakes without listeniâ€¦ https://t.co/AZno1ZNIv7,343677373,Steven Spector
271,Fri Jun 07 14:56:38 +0000 2019,1137010482529951744,Since the France vs South Korea game doesnâ€™t start until 3 and school isnâ€™t over until 3:45 me and my kindergarteneâ€¦ https://t.co/JorfRMjhcP,162159547,The Dyke Russell Wilson
272,Fri Jun 07 14:56:33 +0000 2019,1137010461981978625,RT @Masters_JamesD: There has already been some fantastic writing ahead of the #WWC2019 so make sure you're following these ahead of tonighâ€¦,19542499,Tasneem-Summer Khan
273,Fri Jun 07 14:56:17 +0000 2019,1137010395196067840,"I've seen the @RedSox win a World Series game in 2004, and I watched @Max_Scherzer K 20 Tigers in 9 innings. But thâ€¦ https://t.co/cHCYJWHVsm",77570910,Michael Conathan ğŸŒ³ğŸŒŠ
274,Fri Jun 07 14:56:11 +0000 2019,1137010370730758149,"""itna intezar tu Eid ka bhi nahi tha jitna #PAKvsSRI ka kya jaaraha hai""ğŸğŸğŸŒ§ï¸ğŸŒ§ï¸
#WWC2019",1127956499739947009,..TroLLER..
275,Fri Jun 07 14:56:05 +0000 2019,1137010345795624960,"RT @UoL_CSS: As FIFA #WWC2019 is due to kick off this evening, lets take a look at @LincolnSportEx #UoLresearch! 

We don't stop at footbalâ€¦",1930560594,Lincoln Sport Ex Sci
276,Fri Jun 07 14:55:42 +0000 2019,1137010248638746624,"While we're all waiting around, definitely not doing any work, because it's Friday, and... football.

Here's a timeâ€¦ https://t.co/Av9LRLZKuW",578863273,Barry Masterson
277,Fri Jun 07 14:55:11 +0000 2019,1137010118355312640,"Le mois de juin s'annonce festif ! ğŸ˜‰
#Citation #Juin #WilsonAndCo #FÃªteDeLaMusique #WWC2019 https://t.co/S6YIGZS5Mz",773412835623899137,Wilson&Co
278,Fri Jun 07 14:55:09 +0000 2019,1137010111396876288,Women's World Cup starts with the France vs South Korea match. Will we see a game full of goals? #footballtipsâ€¦ https://t.co/fvuywVipvE,839735372108161024,betoracle.com
279,Fri Jun 07 14:58:02 +0000 2019,1137010833601392640,It's opening day for #WWC2019! Can't wait to watch these athletes kicking ass! #USWNTğŸ‡ºğŸ‡¸ #Ibelieve #FiersdetreBleues #AllezLesBleues,14603562,Celine de Courson
280,Fri Jun 07 14:57:59 +0000 2019,1137010822582919168,"@FDSportsbook is the place to go to bet on the #WomensWorldCup 

Who would you bet on to win?â€¦ https://t.co/a1z2EsGMgG",2898110598,jockalytics
281,Fri Jun 07 14:57:57 +0000 2019,1137010815985430528,"RT @extra3: Heute beginnt die Frauen-WM. Wer keinen Bock hat auf Weichei-FuÃŸball voller Diven, kann also froh sein, dass Bundesliga und Chaâ€¦",863470697804423170,Patrik
282,Fri Jun 07 14:57:49 +0000 2019,1137010779670974470,Itâ€™s hard to believe Iâ€™m not actually in France for the Womenâ€™s World Cup like wtf  #WWC2019,738386399330598912,leeâ€¢ann
283,Fri Jun 07 14:57:36 +0000 2019,1137010728391663618,RT @kkfla737: With #FIFAWWC starting today I am happy to announce I'll be on @5thstreetsports at 9pm ET/6pm PT @SIRIUSXM 211 co-hosting theâ€¦,276179593,Latha Krishnaiyer
284,Fri Jun 07 14:57:11 +0000 2019,1137010622585946112,happy world cup day!! #WWC2019 https://t.co/C6ZrORrOlb,513640061,chris
285,Fri Jun 07 14:57:10 +0000 2019,1137010617125150721,Still a chance to get a bet in before this afternoon for the #WWC2019 &amp; don't be the #BelmontStakes without listeniâ€¦ https://t.co/AZno1ZNIv7,343677373,Steven Spector
286,Fri Jun 07 14:56:38 +0000 2019,1137010482529951744,Since the France vs South Korea game doesnâ€™t start until 3 and school isnâ€™t over until 3:45 me and my kindergarteneâ€¦ https://t.co/JorfRMjhcP,162159547,The Dyke Russell Wilson
287,Fri Jun 07 14:56:33 +0000 2019,1137010461981978625,RT @Masters_JamesD: There has already been some fantastic writing ahead of the #WWC2019 so make sure you're following these ahead of tonighâ€¦,19542499,Tasneem-Summer Khan
288,Fri Jun 07 14:56:17 +0000 2019,1137010395196067840,"I've seen the @RedSox win a World Series game in 2004, and I watched @Max_Scherzer K 20 Tigers in 9 innings. But thâ€¦ https://t.co/cHCYJWHVsm",77570910,Michael Conathan ğŸŒ³ğŸŒŠ
289,Fri Jun 07 14:56:11 +0000 2019,1137010370730758149,"""itna intezar tu Eid ka bhi nahi tha jitna #PAKvsSRI ka kya jaaraha hai""ğŸğŸğŸŒ§ï¸ğŸŒ§ï¸
#WWC2019",1127956499739947009,..TroLLER..
290,Fri Jun 07 14:56:05 +0000 2019,1137010345795624960,"RT @UoL_CSS: As FIFA #WWC2019 is due to kick off this evening, lets take a look at @LincolnSportEx #UoLresearch! 

We don't stop at footbalâ€¦",1930560594,Lincoln Sport Ex Sci
291,Fri Jun 07 14:55:42 +0000 2019,1137010248638746624,"While we're all waiting around, definitely not doing any work, because it's Friday, and... football.

Here's a timeâ€¦ https://t.co/Av9LRLZKuW",578863273,Barry Masterson
292,Fri Jun 07 14:55:11 +0000 2019,1137010118355312640,"Le mois de juin s'annonce festif ! ğŸ˜‰
#Citation #Juin #WilsonAndCo #FÃªteDeLaMusique #WWC2019 https://t.co/S6YIGZS5Mz",773412835623899137,Wilson&Co
293,Fri Jun 07 14:55:09 +0000 2019,1137010111396876288,Women's World Cup starts with the France vs South Korea match. Will we see a game full of goals? #footballtipsâ€¦ https://t.co/fvuywVipvE,839735372108161024,betoracle.com
294,Fri Jun 07 14:58:32 +0000 2019,1137010962639314947,"RT @BarryMasterson: While we're all waiting around, definitely not doing any work, because it's Friday, and... football.

Here's a time lapâ€¦",1301708689,Gary Pearce
295,Fri Jun 07 14:58:02 +0000 2019,1137010833601392640,It's opening day for #WWC2019! Can't wait to watch these athletes kicking ass! #USWNTğŸ‡ºğŸ‡¸ #Ibelieve #FiersdetreBleues #AllezLesBleues,14603562,Celine de Courson
296,Fri Jun 07 14:57:59 +0000 2019,1137010822582919168,"@FDSportsbook is the place to go to bet on the #WomensWorldCup 

Who would you bet on to win?â€¦ https://t.co/a1z2EsGMgG",2898110598,jockalytics
297,Fri Jun 07 14:57:57 +0000 2019,1137010815985430528,"RT @extra3: Heute beginnt die Frauen-WM. Wer keinen Bock hat auf Weichei-FuÃŸball voller Diven, kann also froh sein, dass Bundesliga und Chaâ€¦",863470697804423170,Patrik
298,Fri Jun 07 14:57:49 +0000 2019,1137010779670974470,Itâ€™s hard to believe Iâ€™m not actually in France for the Womenâ€™s World Cup like wtf  #WWC2019,738386399330598912,leeâ€¢ann
299,Fri Jun 07 14:57:36 +0000 2019,1137010728391663618,RT @kkfla737: With #FIFAWWC starting today I am happy to announce I'll be on @5thstreetsports at 9pm ET/6pm PT @SIRIUSXM 211 co-hosting theâ€¦,276179593,Latha Krishnaiyer
300,Fri Jun 07 14:57:11 +0000 2019,1137010622585946112,happy world cup day!! #WWC2019 https://t.co/C6ZrORrOlb,513640061,chris
301,Fri Jun 07 14:57:10 +0000 2019,1137010617125150721,Still a chance to get a bet in before this afternoon for the #WWC2019 &amp; don't be the #BelmontStakes without listeniâ€¦ https://t.co/AZno1ZNIv7,343677373,Steven Spector
302,Fri Jun 07 14:56:38 +0000 2019,1137010482529951744,Since the France vs South Korea game doesnâ€™t start until 3 and school isnâ€™t over until 3:45 me and my kindergarteneâ€¦ https://t.co/JorfRMjhcP,162159547,The Dyke Russell Wilson
303,Fri Jun 07 14:56:33 +0000 2019,1137010461981978625,RT @Masters_JamesD: There has already been some fantastic writing ahead of the #WWC2019 so make sure you're following these ahead of tonighâ€¦,19542499,Tasneem-Summer Khan
304,Fri Jun 07 14:56:17 +0000 2019,1137010395196067840,"I've seen the @RedSox win a World Series game in 2004, and I watched @Max_Scherzer K 20 Tigers in 9 innings. But thâ€¦ https://t.co/cHCYJWHVsm",77570910,Michael Conathan ğŸŒ³ğŸŒŠ
305,Fri Jun 07 14:56:11 +0000 2019,1137010370730758149,"""itna intezar tu Eid ka bhi nahi tha jitna #PAKvsSRI ka kya jaaraha hai""ğŸğŸğŸŒ§ï¸ğŸŒ§ï¸
#WWC2019",1127956499739947009,..TroLLER..
306,Fri Jun 07 14:56:05 +0000 2019,1137010345795624960,"RT @UoL_CSS: As FIFA #WWC2019 is due to kick off this evening, lets take a look at @LincolnSportEx #UoLresearch! 

We don't stop at footbalâ€¦",1930560594,Lincoln Sport Ex Sci
307,Fri Jun 07 14:55:42 +0000 2019,1137010248638746624,"While we're all waiting around, definitely not doing any work, because it's Friday, and... football.

Here's a timeâ€¦ https://t.co/Av9LRLZKuW",578863273,Barry Masterson
308,Fri Jun 07 14:55:11 +0000 2019,1137010118355312640,"Le mois de juin s'annonce festif ! ğŸ˜‰
#Citation #Juin #WilsonAndCo #FÃªteDeLaMusique #WWC2019 https://t.co/S6YIGZS5Mz",773412835623899137,Wilson&Co
309,Fri Jun 07 14:58:32 +0000 2019,1137010962639314947,"RT @BarryMasterson: While we're all waiting around, definitely not doing any work, because it's Friday, and... football.

Here's a time lapâ€¦",1301708689,Gary Pearce
310,Fri Jun 07 14:58:02 +0000 2019,1137010833601392640,It's opening day for #WWC2019! Can't wait to watch these athletes kicking ass! #USWNTğŸ‡ºğŸ‡¸ #Ibelieve #FiersdetreBleues #AllezLesBleues,14603562,Celine de Courson
311,Fri Jun 07 14:57:59 +0000 2019,1137010822582919168,"@FDSportsbook is the place to go to bet on the #WomensWorldCup 

Who would you bet on to win?â€¦ https://t.co/a1z2EsGMgG",2898110598,jockalytics
312,Fri Jun 07 14:57:57 +0000 2019,1137010815985430528,"RT @extra3: Heute beginnt die Frauen-WM. Wer keinen Bock hat auf Weichei-FuÃŸball voller Diven, kann also froh sein, dass Bundesliga und Chaâ€¦",863470697804423170,Patrik
313,Fri Jun 07 14:57:49 +0000 2019,1137010779670974470,Itâ€™s hard to believe Iâ€™m not actually in France for the Womenâ€™s World Cup like wtf  #WWC2019,738386399330598912,leeâ€¢ann
314,Fri Jun 07 14:57:36 +0000 2019,1137010728391663618,RT @kkfla737: With #FIFAWWC starting today I am happy to announce I'll be on @5thstreetsports at 9pm ET/6pm PT @SIRIUSXM 211 co-hosting theâ€¦,276179593,Latha Krishnaiyer
315,Fri Jun 07 14:57:11 +0000 2019,1137010622585946112,happy world cup day!! #WWC2019 https://t.co/C6ZrORrOlb,513640061,chris
316,Fri Jun 07 14:57:10 +0000 2019,1137010617125150721,Still a chance to get a bet in before this afternoon for the #WWC2019 &amp; don't be the #BelmontStakes without listeniâ€¦ https://t.co/AZno1ZNIv7,343677373,Steven Spector
317,Fri Jun 07 14:56:38 +0000 2019,1137010482529951744,Since the France vs South Korea game doesnâ€™t start until 3 and school isnâ€™t over until 3:45 me and my kindergarteneâ€¦ https://t.co/JorfRMjhcP,162159547,The Dyke Russell Wilson
318,Fri Jun 07 14:56:33 +0000 2019,1137010461981978625,RT @Masters_JamesD: There has already been some fantastic writing ahead of the #WWC2019 so make sure you're following these ahead of tonighâ€¦,19542499,Tasneem-Summer Khan
319,Fri Jun 07 14:56:17 +0000 2019,1137010395196067840,"I've seen the @RedSox win a World Series game in 2004, and I watched @Max_Scherzer K 20 Tigers in 9 innings. But thâ€¦ https://t.co/cHCYJWHVsm",77570910,Michael Conathan ğŸŒ³ğŸŒŠ
320,Fri Jun 07 14:56:11 +0000 2019,1137010370730758149,"""itna intezar tu Eid ka bhi nahi tha jitna #PAKvsSRI ka kya jaaraha hai""ğŸğŸğŸŒ§ï¸ğŸŒ§ï¸
#WWC2019",1127956499739947009,..TroLLER..
321,Fri Jun 07 14:56:05 +0000 2019,1137010345795624960,"RT @UoL_CSS: As FIFA #WWC2019 is due to kick off this evening, lets take a look at @LincolnSportEx #UoLresearch! 

We don't stop at footbalâ€¦",1930560594,Lincoln Sport Ex Sci
322,Fri Jun 07 14:55:42 +0000 2019,1137010248638746624,"While we're all waiting around, definitely not doing any work, because it's Friday, and... football.

Here's a timeâ€¦ https://t.co/Av9LRLZKuW",578863273,Barry Masterson
323,Fri Jun 07 14:55:11 +0000 2019,1137010118355312640,"Le mois de juin s'annonce festif ! ğŸ˜‰
#Citation #Juin #WilsonAndCo #FÃªteDeLaMusique #WWC2019 https://t.co/S6YIGZS5Mz",773412835623899137,Wilson&Co
324,Fri Jun 07 14:59:41 +0000 2019,1137011250788032513,do i watch the opening match of the #WWC2019 in a small browser in the corner of one of my monitors with no sound oâ€¦ https://t.co/aBLTTlvjTk,26089981,Steph Horan
325,Fri Jun 07 14:59:40 +0000 2019,1137011247533240322,"RT @kino2g: The Womenâ€™s World Cup starts today so this account is now an official Alex Morgan, Megan Rapinoe, Tobin Heath, Mallory Pugh, anâ€¦",1906493688,Mike Snow
326,Fri Jun 07 14:59:32 +0000 2019,1137011211621556224,"RT @ANFPChile: ğŸ”ğŸ‡¨ğŸ‡± Terna chilena harÃ¡ historia en el Mundial Femenino de Francia

#WWC2019 @fifaworldcup_es 

https://t.co/GEzFVTam4g",93341600,PorQueNoSeVan?
327,Fri Jun 07 14:59:28 +0000 2019,1137011197604184065,BOB MARLEY THREE LITTLE BIRDS https://t.co/bP1IsRw3B2 via @YouTube Ã‡a va pÃ©ter Ã§a dans les stades de football franÃ§â€¦ https://t.co/FxR3sckVC5,1074231960971735040,Malik Medjoudj
328,Fri Jun 07 14:59:14 +0000 2019,1137011139513073664,"RT @extra3: Heute beginnt die Frauen-WM. Wer keinen Bock hat auf Weichei-FuÃŸball voller Diven, kann also froh sein, dass Bundesliga und Chaâ€¦",2275067694,skatepunk
329,Fri Jun 07 14:59:04 +0000 2019,1137011093937754112,"RT @extra3: Heute beginnt die Frauen-WM. Wer keinen Bock hat auf Weichei-FuÃŸball voller Diven, kann also froh sein, dass Bundesliga und Chaâ€¦",1112263138840317952,Carsten@meeplecast
330,Fri Jun 07 14:58:59 +0000 2019,1137011073683509248,RT @SaraGama_ITA: Questa sera parte finalmente il #Mondiale. Fra meno di quarantotto ore tocca a noi. Parole d'ordine: competivitÃ  e sopratâ€¦,825648234659995649,pina.dero
331,Fri Jun 07 14:58:32 +0000 2019,1137010962639314947,"RT @BarryMasterson: While we're all waiting around, definitely not doing any work, because it's Friday, and... football.

Here's a time lapâ€¦",1301708689,Gary Pearce
332,Fri Jun 07 14:58:02 +0000 2019,1137010833601392640,It's opening day for #WWC2019! Can't wait to watch these athletes kicking ass! #USWNTğŸ‡ºğŸ‡¸ #Ibelieve #FiersdetreBleues #AllezLesBleues,14603562,Celine de Courson
333,Fri Jun 07 14:57:59 +0000 2019,1137010822582919168,"@FDSportsbook is the place to go to bet on the #WomensWorldCup 

Who would you bet on to win?â€¦ https://t.co/a1z2EsGMgG",2898110598,jockalytics
334,Fri Jun 07 14:57:57 +0000 2019,1137010815985430528,"RT @extra3: Heute beginnt die Frauen-WM. Wer keinen Bock hat auf Weichei-FuÃŸball voller Diven, kann also froh sein, dass Bundesliga und Chaâ€¦",863470697804423170,Patrik
335,Fri Jun 07 14:57:49 +0000 2019,1137010779670974470,Itâ€™s hard to believe Iâ€™m not actually in France for the Womenâ€™s World Cup like wtf  #WWC2019,738386399330598912,leeâ€¢ann
336,Fri Jun 07 14:57:36 +0000 2019,1137010728391663618,RT @kkfla737: With #FIFAWWC starting today I am happy to announce I'll be on @5thstreetsports at 9pm ET/6pm PT @SIRIUSXM 211 co-hosting theâ€¦,276179593,Latha Krishnaiyer
337,Fri Jun 07 14:57:11 +0000 2019,1137010622585946112,happy world cup day!! #WWC2019 https://t.co/C6ZrORrOlb,513640061,chris
338,Fri Jun 07 14:57:10 +0000 2019,1137010617125150721,Still a chance to get a bet in before this afternoon for the #WWC2019 &amp; don't be the #BelmontStakes without listeniâ€¦ https://t.co/AZno1ZNIv7,343677373,Steven Spector
339,Fri Jun 07 15:01:32 +0000 2019,1137011716321992704,@FIFAWWC @FrenchTeam @kady944 Allez les Bleues !   #WWC2019,64491912,Philip Kong
340,Fri Jun 07 15:01:11 +0000 2019,1137011628816441344,"RT @ritaguari: Al via la #wwc2019 e domenica  l'esordio per le nostre #azzurre ğŸ‡®ğŸ‡¹ğŸ’™ Un sogno, un'opportunitÃ , un altro passo in avanti per iâ€¦",851383190405222404,Silvia Prato
341,Fri Jun 07 15:01:10 +0000 2019,1137011625268011009,"Trophies! Torn cartilage! @jennifer_bisset â€™s fun/not-so-fun tale about her pro soccer days, and the dedication itâ€¦ https://t.co/QWgtNSaB9P",17993516,David Katzmaier
342,Fri Jun 07 15:01:01 +0000 2019,1137011584805376000,"FanDuel Sportsbook is the place to go to bet on the #WomensWorldCup 

Who would you bet on to win?

â¡ï¸Â â€¦ https://t.co/1muKbMTjcB",2898110598,jockalytics
343,Fri Jun 07 15:00:48 +0000 2019,1137011530875265024,RT @SaraGama_ITA: Questa sera parte finalmente il #Mondiale. Fra meno di quarantotto ore tocca a noi. Parole d'ordine: competivitÃ  e sopratâ€¦,1109119356389212161,"Sonja Nikcevic, FIFA"
344,Fri Jun 07 15:00:23 +0000 2019,1137011427615662080,"RT @LA_ctualite: ğŸ“¢ GROUPE A - MATCH D'OUVERTURE âš½ï¸

âš¡ ğŸ‡«ğŸ‡· FRANCE ğŸ†š COREE ğŸ‡°ğŸ‡·

ğŸ“º @TF1 20h50

ğŸ™ @gregmargotton &amp; @BixeLizarazu
ğŸ¥… @cam10abily23â€¦",420410722,GÃ¡bor Csuzdi
345,Fri Jun 07 15:00:00 +0000 2019,1137011331499012097,"ğŸ“¢ GROUPE A - MATCH D'OUVERTURE âš½ï¸

âš¡ ğŸ‡«ğŸ‡· FRANCE ğŸ†š COREE ğŸ‡°ğŸ‡·

ğŸ“º @TF1 20h50

ğŸ™ @gregmargotton &amp; @BixeLizarazu
ğŸ¥…â€¦ https://t.co/KgWUrszP9n",351723181,ğŸ“° LA_ğ–ˆğ–™ğ–šğ–†ğ–‘ğ–ğ–™ğ–Š ğŸ“º
346,Fri Jun 07 14:59:41 +0000 2019,1137011250788032513,do i watch the opening match of the #WWC2019 in a small browser in the corner of one of my monitors with no sound oâ€¦ https://t.co/aBLTTlvjTk,26089981,Steph Horan
347,Fri Jun 07 14:59:40 +0000 2019,1137011247533240322,"RT @kino2g: The Womenâ€™s World Cup starts today so this account is now an official Alex Morgan, Megan Rapinoe, Tobin Heath, Mallory Pugh, anâ€¦",1906493688,Mike Snow
348,Fri Jun 07 14:59:32 +0000 2019,1137011211621556224,"RT @ANFPChile: ğŸ”ğŸ‡¨ğŸ‡± Terna chilena harÃ¡ historia en el Mundial Femenino de Francia

#WWC2019 @fifaworldcup_es 

https://t.co/GEzFVTam4g",93341600,PorQueNoSeVan?
349,Fri Jun 07 14:59:28 +0000 2019,1137011197604184065,BOB MARLEY THREE LITTLE BIRDS https://t.co/bP1IsRw3B2 via @YouTube Ã‡a va pÃ©ter Ã§a dans les stades de football franÃ§â€¦ https://t.co/FxR3sckVC5,1074231960971735040,Malik Medjoudj
350,Fri Jun 07 14:59:14 +0000 2019,1137011139513073664,"RT @extra3: Heute beginnt die Frauen-WM. Wer keinen Bock hat auf Weichei-FuÃŸball voller Diven, kann also froh sein, dass Bundesliga und Chaâ€¦",2275067694,skatepunk
351,Fri Jun 07 14:59:04 +0000 2019,1137011093937754112,"RT @extra3: Heute beginnt die Frauen-WM. Wer keinen Bock hat auf Weichei-FuÃŸball voller Diven, kann also froh sein, dass Bundesliga und Chaâ€¦",1112263138840317952,Carsten@meeplecast
352,Fri Jun 07 14:58:59 +0000 2019,1137011073683509248,RT @SaraGama_ITA: Questa sera parte finalmente il #Mondiale. Fra meno di quarantotto ore tocca a noi. Parole d'ordine: competivitÃ  e sopratâ€¦,825648234659995649,pina.dero
353,Fri Jun 07 14:58:32 +0000 2019,1137010962639314947,"RT @BarryMasterson: While we're all waiting around, definitely not doing any work, because it's Friday, and... football.

Here's a time lapâ€¦",1301708689,Gary Pearce
354,Fri Jun 07 15:05:03 +0000 2019,1137012600250806272,"With the Womenâ€™s World Cup starting today, weâ€™ve rounded up some inspiring stories for readers who are interested iâ€¦ https://t.co/070sPU9fOq",19367408,Capstone
355,Fri Jun 07 15:04:39 +0000 2019,1137012499679760386,World Cup starts today!! #WWC2019,15385672,Darin Olson
356,Fri Jun 07 15:04:26 +0000 2019,1137012445732622336,"The #WWC2019 âš½ï¸ starts tonight, take a look at this project from @atmccann: she sent a survey to 108 players with qâ€¦ https://t.co/cPz1pbBjUd",176478023,Elian Peltier
357,Fri Jun 07 15:04:13 +0000 2019,1137012389688352769,"RT @NatHunter_BBC: The #wwc2019 Women's World Cup starts tonight. To mark the occasion, we'll start constantly asking Scottish politiciansâ€¦",2761517116,Lesley Muir
358,Fri Jun 07 15:04:02 +0000 2019,1137012347376214016,"RT @extra3: Heute beginnt die Frauen-WM. Wer keinen Bock hat auf Weichei-FuÃŸball voller Diven, kann also froh sein, dass Bundesliga und Chaâ€¦",1373976318,Ronnster
359,Fri Jun 07 15:03:33 +0000 2019,1137012222226571264,"RT @LA_ctualite: ğŸ”´ FOOTBALL- #WWC2019 âš½ï¸ :

Ce soir dÃ©bute la coupe du Monde FÃ©minine de Football en France ! Pour la premiÃ¨re fois le matcâ€¦",351723181,ğŸ“° LA_ğ–ˆğ–™ğ–šğ–†ğ–‘ğ–ğ–™ğ–Š ğŸ“º
360,Fri Jun 07 15:03:19 +0000 2019,1137012163460194305,"RT @tjcope: âš½ Â¡EspaÃ±a debuta en el #WWC2019!

 ğŸ‡ªğŸ‡¸EspaÃ±a - SudÃ¡fricağŸ‡¿ğŸ‡¦

ğŸŸï¸Stade Oceane (Le Havre).

ğŸ—“ï¸SÃ¡bado 8
âŒš18.00

ğŸ™ï¸ @rubenmartinweb
ğŸ¤â€¦",1125684122834415616,Manuel GarcÃ­a
361,Fri Jun 07 15:02:34 +0000 2019,1137011976872353793,"RT @ritaguari: Al via la #wwc2019 e domenica  l'esordio per le nostre #azzurre ğŸ‡®ğŸ‡¹ğŸ’™ Un sogno, un'opportunitÃ , un altro passo in avanti per iâ€¦",2867104247,Denise
362,Fri Jun 07 15:05:50 +0000 2019,1137012797592743936,"RT @extra3: Heute beginnt die Frauen-WM. Wer keinen Bock hat auf Weichei-FuÃŸball voller Diven, kann also froh sein, dass Bundesliga und Chaâ€¦",2789938409,Schneider
363,Fri Jun 07 15:06:25 +0000 2019,1137012946620616709,"ğŸ’ƒL'ambianceğŸ”ŠğŸ§dans la taniÃ¨re des Lionnes IndomptablesğŸ‡¨ğŸ‡² avec @AjaraNjoya en chef d'orchestre !ğŸ‘Œ
ğŸ’šâ¤ï¸ğŸ’›ğŸ’ªâ€¦ https://t.co/U3bA9MroF3",4904700196,Parlons Foot 237
364,Fri Jun 07 15:06:25 +0000 2019,1137012945248968704,"A cuatro horas del inicio del Mundial de FÃºtbol femenino, asÃ­ estÃ¡ el Parc des Princes #WWC2019 #FRACORâ€¦ https://t.co/Ma1XXNl4AP",94622472,Jorge MorÃ³n
365,Fri Jun 07 15:06:21 +0000 2019,1137012926932537344,"RT @LaLigaEN: ğŸ¤© The @FIFAWWC starts TODAY! ğŸ¤©

Will @NGSuper_Falcons star @AsisatOshoala be amongst the top scorers? ğŸ‡³ğŸ‡¬

#LigaIberdrola #WWCâ€¦",1681214006,Abdrahman
366,Fri Jun 07 15:06:17 +0000 2019,1137012910612471811,"RT @extra3: Heute beginnt die Frauen-WM. Wer keinen Bock hat auf Weichei-FuÃŸball voller Diven, kann also froh sein, dass Bundesliga und Chaâ€¦",790175347,Kapitalistin. ğŸ¶
367,Fri Jun 07 15:06:51 +0000 2019,1137013053780836352,Nice overview on the Ada Hegerberg (@AdaStolsmo ) situation at https://t.co/NZbeh1bQhm by @twoht . I fear for how sâ€¦ https://t.co/yid1BFvaKZ,48748325,Daniel Levine
368,Fri Jun 07 15:07:41 +0000 2019,1137013262019698688,"HOY comienza el torneo mÃ¡s hermoso que puede existir, hablamos del #MundialFemenino Francia 2019 y en Somos Canteraâ€¦ https://t.co/QZPQ7K3Ddh",2941481601,Somos Canteraâ„¢
369,Fri Jun 07 15:07:31 +0000 2019,1137013221305606144,Here's why we should all celebrate the kick off of #WWC2019 today. https://t.co/4UfuM3g4Bo,1541641908,Kristin Zeier
370,Fri Jun 07 15:07:20 +0000 2019,1137013174190923776,RT @BCCommTrust: ğŸ¥ Ahead of the #WWC2019 checkout our very own youth councillor Mel talking about our award winning women's and girl's footâ€¦,462513751,EFL Trust
371,Fri Jun 07 15:08:09 +0000 2019,1137013383222501376,"If you want a taste of #WWC2019 from here ğŸ‡«ğŸ‡·, read @christophclarey on France's women's team hoping to ""ride the waâ€¦ https://t.co/uAimBBnXRz",176478023,Elian Peltier
372,Fri Jun 07 15:08:02 +0000 2019,1137013352859750400,"RT @LaLigaEN: ğŸ¤© The @FIFAWWC starts TODAY! ğŸ¤©

Will @NGSuper_Falcons star @AsisatOshoala be amongst the top scorers? ğŸ‡³ğŸ‡¬

#LigaIberdrola #WWCâ€¦",277912537,DejiFapo
373,Fri Jun 07 15:07:54 +0000 2019,1137013318479155200,ğŸ‡§ğŸ‡· Si hablamos de promesas el nombre de GEYSE Ferreira no puede pasar por alto. Fue goleadora en el Mundial juvenilâ€¦ https://t.co/JyIZhWpu7e,2941481601,Somos Canteraâ„¢
374,Fri Jun 07 15:07:52 +0000 2019,1137013309037776901,"ğŸ‡¨ğŸ‡± Elisa DURAN (17 aÃ±os) fue una de la sorpresa  en la convocatoria, juega de volante ofensivo en el Colo Colo.

Seâ€¦ https://t.co/N0rZRWMAxO",2941481601,Somos Canteraâ„¢
375,Fri Jun 07 15:07:50 +0000 2019,1137013299902603264,"ğŸ‡¦ğŸ‡· La mÃ¡s joven del plantel de Argentina es: Dalila IPPOLITO (17 aÃ±os) es la promesa a seguir, juega de volante ofeâ€¦ https://t.co/CF0FijqHLj",2941481601,Somos Canteraâ„¢
376,Fri Jun 07 15:07:47 +0000 2019,1137013287965646848,"ğŸ‡ºğŸ‡¸ Las actuales campeonas del Mundial tendrÃ¡ en Mallory Pugh (21 aÃ±os) su jugadora juvenil a seguir.

Actualmente jâ€¦ https://t.co/WoXVdLGbem",2941481601,Somos Canteraâ„¢
377,Fri Jun 07 15:10:38 +0000 2019,1137014007007797248,"RT @LaLigaEN: ğŸ¤© The @FIFAWWC starts TODAY! ğŸ¤©

Will @NGSuper_Falcons star @AsisatOshoala be amongst the top scorers? ğŸ‡³ğŸ‡¬

#LigaIberdrola #WWCâ€¦",724854349,Chuky Unadulterated
378,Fri Jun 07 15:10:34 +0000 2019,1137013989244899329,â³Unas horas antes la Copa Mundial Femenina de Football. Celebramos el notable Ã©xito de las mujeres atletas. EstÃ¡n râ€¦ https://t.co/039ZzGzjxm,952104950,Francia en Guatemala
379,Fri Jun 07 15:10:24 +0000 2019,1137013947696058368,"RT @Candlewick: Every school subject can be explored through the lens of soccer!

Soccer School
#SummerReading #WWC2019 https://t.co/MoKsHpâ€¦",884499458863529984,Laurie Smith
380,Fri Jun 07 15:09:26 +0000 2019,1137013703822454785,RT @MikeLiggins: Watch this !! On @BBCLookEast tonight we look ahead to the #WWC2019 with the help of students from @Thorpe_PE. Future Englâ€¦,196675005,Nathan Moore
381,Fri Jun 07 15:08:13 +0000 2019,1137013398502346752,"RT @extra3: Heute beginnt die Frauen-WM. Wer keinen Bock hat auf Weichei-FuÃŸball voller Diven, kann also froh sein, dass Bundesliga und Chaâ€¦",901839136012808195,xDark
